"","Q1_知情同意","Q2_请您选择一个此时此刻您最喜欢的数字.用于抽选场景模块.","Q3_A1.近3天无涉疫地区旅居史_原地等待","Q3_A1.近3天无涉疫地区旅居史_在非涉疫城市过渡","Q4_A2.近7天无涉疫地区旅居史_原地等待","Q4_A2.近7天无涉疫地区旅居史_在非涉疫城市过渡","Q5_A3.近14天无涉疫地区旅居史_原地等待","Q5_A3.近14天无涉疫地区旅居史_在非涉疫城市过渡","Q6_A4.近21天无涉疫地区旅居史_原地等待","Q6_A4.近21天无涉疫地区旅居史_在非涉疫城市过渡","Q7_B1.近3天无涉疫地区旅居史_原地等待","Q7_B1.近3天无涉疫地区旅居史_直接前往目的地","Q7_B1.近3天无涉疫地区旅居史_在非涉疫城市过渡","Q8_B2.近7天无涉疫地区旅居史_原地等待","Q8_B2.近7天无涉疫地区旅居史_直接前往目的地","Q8_B2.近7天无涉疫地区旅居史_在非涉疫城市过渡","Q9_B3.近14天无涉疫地区旅居史_原地等待","Q9_B3.近14天无涉疫地区旅居史_直接前往目的地","Q9_B3.近14天无涉疫地区旅居史_在非涉疫城市过渡","Q10_本题请按.原地等待.20..直接前往目的地.55..在非涉疫城市过渡.25..选择_原地等待","Q10_本题请按.原地等待.20..直接前往目的地.55..在非涉疫城市过渡.25..选择_直接前往目的地","Q10_本题请按.原地等待.20..直接前往目的地.55..在非涉疫城市过渡.25..选择_在非涉疫城市过渡","Q11_B4.近21天无涉疫地区旅居史_原地等待","Q11_B4.近21天无涉疫地区旅居史_直接前往目的地","Q11_B4.近21天无涉疫地区旅居史_在非涉疫城市过渡","Q12_C1.近3天无涉疫地区旅居史_原地等待","Q12_C1.近3天无涉疫地区旅居史_在非涉疫城市过渡","Q13_C2.近7天无涉疫地区旅居史_原地等待","Q13_C2.近7天无涉疫地区旅居史_在非涉疫城市过渡","Q14_当前场景下.您可以登上直接前往S城的飞机.火车.客车.","Q15_C3.近14天无涉疫地区旅居史_原地等待","Q15_C3.近14天无涉疫地区旅居史_在非涉疫城市过渡","Q16_C4.近21天无涉疫地区旅居史_原地等待","Q16_C4.近21天无涉疫地区旅居史_在非涉疫城市过渡","Q17_D1.近3天无涉疫地区旅居史_原地等待","Q17_D1.近3天无涉疫地区旅居史_直接前往目的地","Q17_D1.近3天无涉疫地区旅居史_在非涉疫城市过渡","Q18_D2.近7天无涉疫地区旅居史_原地等待","Q18_D2.近7天无涉疫地区旅居史_直接前往目的地","Q18_D2.近7天无涉疫地区旅居史_在非涉疫城市过渡","Q19_D3.近14天无涉疫地区旅居史_原地等待","Q19_D3.近14天无涉疫地区旅居史_直接前往目的地","Q19_D3.近14天无涉疫地区旅居史_在非涉疫城市过渡","Q20_D4.近21天无涉疫地区旅居史_原地等待","Q20_D4.近21天无涉疫地区旅居史_直接前往目的地","Q20_D4.近21天无涉疫地区旅居史_在非涉疫城市过渡"
"1","我已知晓研究目的，自愿参加调查。",16,20,80,25,75,80,20,100,0,NA,NA,NA,NA,NA,NA,NA,NA,NA,NA,NA,NA,NA,NA,NA,30,70,35,65,"错误",75,25,100,0,NA,NA,NA,NA,NA,NA,NA,NA,NA,NA,NA,NA
"2","我已知晓研究目的，自愿参加调查。",94,NA,NA,NA,NA,NA,NA,NA,NA,NA,NA,NA,NA,NA,NA,NA,NA,NA,NA,NA,NA,NA,NA,NA,16,84,100,0,"错误",65,35,87,13,20,35,45,48,33,19,8,65,27,10,51,39
"3","我已知晓研究目的，自愿参加调查。",37,NA,NA,NA,NA,NA,NA,NA,NA,78,22,0,63,24,13,44,44,12,20,55,25,15,61,24,NA,NA,NA,NA,"",NA,NA,NA,NA,30,70,0,23,65,12,68,32,0,57,27,16
"4","我已知晓研究目的，自愿参加调查。",52,100,0,70,30,100,0,100,0,40,0,60,30,10,60,10,60,30,20,55,25,0,100,0,NA,NA,NA,NA,"",NA,NA,NA,NA,NA,NA,NA,NA,NA,NA,NA,NA,NA,NA,NA,NA
"5","我已知晓研究目的，自愿参加调查。",37,NA,NA,NA,NA,NA,NA,NA,NA,70,0,30,70,0,30,70,0,30,20,55,25,10,52,38,NA,NA,NA,NA,"",NA,NA,NA,NA,25,25,50,15,25,60,0,22,78,0,60,40
"6","我已知晓研究目的，自愿参加调查。",37,NA,NA,NA,NA,NA,NA,NA,NA,80,10,10,80,10,10,30,40,30,20,55,25,0,70,30,NA,NA,NA,NA,"",NA,NA,NA,NA,80,10,10,80,10,10,10,60,30,0,90,10
"7","我已知晓研究目的，自愿参加调查。",16,100,0,76,24,17,83,0,100,NA,NA,NA,NA,NA,NA,NA,NA,NA,NA,NA,NA,NA,NA,NA,51,49,58,42,"错误",23,77,21,79,NA,NA,NA,NA,NA,NA,NA,NA,NA,NA,NA,NA
"8","我已知晓研究目的，自愿参加调查。",16,20,80,60,40,80,20,90,10,NA,NA,NA,NA,NA,NA,NA,NA,NA,NA,NA,NA,NA,NA,NA,45,55,70,30,"错误",86,14,97,3,NA,NA,NA,NA,NA,NA,NA,NA,NA,NA,NA,NA
"9","我已知晓研究目的，自愿参加调查。",37,NA,NA,NA,NA,NA,NA,NA,NA,100,0,0,100,0,0,50,50,0,20,55,25,0,100,0,NA,NA,NA,NA,"",NA,NA,NA,NA,100,0,0,100,0,0,50,50,0,0,100,0
"10","我已知晓研究目的，自愿参加调查。",94,NA,NA,NA,NA,NA,NA,NA,NA,NA,NA,NA,NA,NA,NA,NA,NA,NA,NA,NA,NA,NA,NA,NA,70,30,50,50,"错误",30,70,20,80,30,0,70,50,0,50,90,0,10,100,0,0
"11","我已知晓研究目的，自愿参加调查。",16,20,80,50,50,60,40,100,0,NA,NA,NA,NA,NA,NA,NA,NA,NA,NA,NA,NA,NA,NA,NA,33,67,50,50,"错误",100,0,100,0,NA,NA,NA,NA,NA,NA,NA,NA,NA,NA,NA,NA
"12","我已知晓研究目的，自愿参加调查。",94,NA,NA,NA,NA,NA,NA,NA,NA,NA,NA,NA,NA,NA,NA,NA,NA,NA,NA,NA,NA,NA,NA,NA,30,70,23,77,"错误",100,0,12,88,31,41,28,20,51,29,7,58,35,0,66,34
"13","我已知晓研究目的，自愿参加调查。",52,15,85,40,60,50,50,75,25,0,85,15,20,80,0,35,65,0,20,55,25,40,60,0,NA,NA,NA,NA,"",NA,NA,NA,NA,NA,NA,NA,NA,NA,NA,NA,NA,NA,NA,NA,NA
"14","我已知晓研究目的，自愿参加调查。",52,90,10,95,5,100,0,100,0,90,0,10,95,0,5,100,0,0,20,55,25,100,0,0,NA,NA,NA,NA,"",NA,NA,NA,NA,NA,NA,NA,NA,NA,NA,NA,NA,NA,NA,NA,NA
"15","我已知晓研究目的，自愿参加调查。",52,15,85,46,54,76,24,83,17,14,0,86,21,0,79,29,0,71,20,55,25,65,0,35,NA,NA,NA,NA,"",NA,NA,NA,NA,NA,NA,NA,NA,NA,NA,NA,NA,NA,NA,NA,NA
"16","我已知晓研究目的，自愿参加调查。",94,NA,NA,NA,NA,NA,NA,NA,NA,NA,NA,NA,NA,NA,NA,NA,NA,NA,NA,NA,NA,NA,NA,NA,14,86,80,20,"错误",100,0,100,0,12,8,80,86,7,7,100,0,0,100,0,0
"17","我已知晓研究目的，自愿参加调查。",16,27,73,34,66,53,47,73,27,NA,NA,NA,NA,NA,NA,NA,NA,NA,NA,NA,NA,NA,NA,NA,76,24,85,15,"错误",99,1,99,1,NA,NA,NA,NA,NA,NA,NA,NA,NA,NA,NA,NA
"18","我已知晓研究目的，自愿参加调查。",94,NA,NA,NA,NA,NA,NA,NA,NA,NA,NA,NA,NA,NA,NA,NA,NA,NA,NA,NA,NA,NA,NA,NA,33,67,75,25,"错误",89,11,100,0,23,0,77,36,0,64,63,0,37,86,0,14
"19","我已知晓研究目的，自愿参加调查。",37,NA,NA,NA,NA,NA,NA,NA,NA,0,0,100,47,0,53,100,0,0,20,55,25,100,0,0,NA,NA,NA,NA,"",NA,NA,NA,NA,0,100,0,100,0,0,100,0,0,100,0,0
"20","我已知晓研究目的，自愿参加调查。",37,NA,NA,NA,NA,NA,NA,NA,NA,14,67,19,0,100,0,0,100,0,20,55,25,0,100,0,NA,NA,NA,NA,"",NA,NA,NA,NA,0,69,31,0,82,18,0,100,0,0,100,0
"21","我已知晓研究目的，自愿参加调查。",37,NA,NA,NA,NA,NA,NA,NA,NA,20,0,80,40,10,50,80,20,0,20,55,25,80,20,0,NA,NA,NA,NA,"",NA,NA,NA,NA,40,0,60,50,10,40,62,10,28,80,20,0
"22","我已知晓研究目的，自愿参加调查。",52,20,80,50,50,75,25,100,0,0,0,100,75,0,25,0,100,0,20,55,25,0,100,0,NA,NA,NA,NA,"",NA,NA,NA,NA,NA,NA,NA,NA,NA,NA,NA,NA,NA,NA,NA,NA
"23","我已知晓研究目的，自愿参加调查。",52,50,50,37,63,22,78,0,100,29,0,71,0,64,36,10,43,47,20,55,25,0,100,0,NA,NA,NA,NA,"",NA,NA,NA,NA,NA,NA,NA,NA,NA,NA,NA,NA,NA,NA,NA,NA
"24","我已知晓研究目的，自愿参加调查。",94,NA,NA,NA,NA,NA,NA,NA,NA,NA,NA,NA,NA,NA,NA,NA,NA,NA,NA,NA,NA,NA,NA,NA,100,0,50,50,"错误",25,75,20,80,0,100,0,30,50,20,30,30,40,50,0,50
"25","我已知晓研究目的，自愿参加调查。",94,NA,NA,NA,NA,NA,NA,NA,NA,NA,NA,NA,NA,NA,NA,NA,NA,NA,NA,NA,NA,NA,NA,NA,74,26,60,40,"错误",41,59,23,77,14,85,1,17,67,16,24,24,52,100,0,0
"26","我已知晓研究目的，自愿参加调查。",16,6,94,61,39,87,13,100,0,NA,NA,NA,NA,NA,NA,NA,NA,NA,NA,NA,NA,NA,NA,NA,63,37,89,11,"错误",94,6,100,0,NA,NA,NA,NA,NA,NA,NA,NA,NA,NA,NA,NA
"27","我已知晓研究目的，自愿参加调查。",52,90,10,50,50,20,80,0,100,63,26,11,22,46,32,9,10,81,20,55,25,4,27,69,NA,NA,NA,NA,"",NA,NA,NA,NA,NA,NA,NA,NA,NA,NA,NA,NA,NA,NA,NA,NA
"28","我已知晓研究目的，自愿参加调查。",94,NA,NA,NA,NA,NA,NA,NA,NA,NA,NA,NA,NA,NA,NA,NA,NA,NA,NA,NA,NA,NA,NA,NA,20,80,74,26,"错误",66,34,65,35,50,29,21,61,28,11,61,37,2,56,33,11
"29","我已知晓研究目的，自愿参加调查。",52,0,100,13,87,27,73,66,34,0,0,100,0,0,100,30,0,70,20,55,25,0,79,21,NA,NA,NA,NA,"",NA,NA,NA,NA,NA,NA,NA,NA,NA,NA,NA,NA,NA,NA,NA,NA
"30","我已知晓研究目的，自愿参加调查。",16,75,25,50,50,16,84,2,98,NA,NA,NA,NA,NA,NA,NA,NA,NA,NA,NA,NA,NA,NA,NA,95,5,80,20,"错误",50,50,30,70,NA,NA,NA,NA,NA,NA,NA,NA,NA,NA,NA,NA
"31","我已知晓研究目的，自愿参加调查。",52,0,100,100,0,0,100,0,100,100,0,0,0,0,100,0,100,0,20,55,25,0,0,100,NA,NA,NA,NA,"",NA,NA,NA,NA,NA,NA,NA,NA,NA,NA,NA,NA,NA,NA,NA,NA
"32","我已知晓研究目的，自愿参加调查。",37,NA,NA,NA,NA,NA,NA,NA,NA,62,0,38,17,41,42,13,55,32,20,55,25,0,70,30,NA,NA,NA,NA,"",NA,NA,NA,NA,71,29,0,53,47,0,34,66,0,12,88,0
"33","我已知晓研究目的，自愿参加调查。",52,20,80,50,50,80,20,100,0,0,90,10,0,100,0,0,100,0,20,55,25,0,100,0,NA,NA,NA,NA,"",NA,NA,NA,NA,NA,NA,NA,NA,NA,NA,NA,NA,NA,NA,NA,NA
"34","我已知晓研究目的，自愿参加调查。",94,NA,NA,NA,NA,NA,NA,NA,NA,NA,NA,NA,NA,NA,NA,NA,NA,NA,NA,NA,NA,NA,NA,NA,90,10,50,50,"错误",30,70,15,85,12,54,34,9,59,32,0,78,22,0,98,2
"35","我已知晓研究目的，自愿参加调查。",16,20,80,39,61,89,11,95,5,NA,NA,NA,NA,NA,NA,NA,NA,NA,NA,NA,NA,NA,NA,NA,36,64,88,12,"错误",88,12,94,6,NA,NA,NA,NA,NA,NA,NA,NA,NA,NA,NA,NA
"36","我已知晓研究目的，自愿参加调查。",37,NA,NA,NA,NA,NA,NA,NA,NA,40,35,25,35,40,25,20,75,5,20,55,25,15,80,5,NA,NA,NA,NA,"",NA,NA,NA,NA,80,20,0,75,25,0,60,35,5,47,48,5
"37","我已知晓研究目的，自愿参加调查。",94,NA,NA,NA,NA,NA,NA,NA,NA,NA,NA,NA,NA,NA,NA,NA,NA,NA,NA,NA,NA,NA,NA,NA,20,80,70,30,"错误",27,73,100,0,20,30,50,50,30,20,90,10,0,100,0,0
"38","我已知晓研究目的，自愿参加调查。",52,83,17,26,74,3,97,0,100,68,4,28,31,4,65,0,0,100,20,55,25,0,0,100,NA,NA,NA,NA,"",NA,NA,NA,NA,NA,NA,NA,NA,NA,NA,NA,NA,NA,NA,NA,NA
"39","我已知晓研究目的，自愿参加调查。",16,97,3,60,40,20,80,10,90,NA,NA,NA,NA,NA,NA,NA,NA,NA,NA,NA,NA,NA,NA,NA,80,20,80,20,"错误",33,67,20,80,NA,NA,NA,NA,NA,NA,NA,NA,NA,NA,NA,NA
"40","我已知晓研究目的，自愿参加调查。",94,NA,NA,NA,NA,NA,NA,NA,NA,NA,NA,NA,NA,NA,NA,NA,NA,NA,NA,NA,NA,NA,NA,NA,90,10,75,25,"错误",60,40,30,70,90,10,0,75,15,10,60,25,15,30,45,25
"41","我已知晓研究目的，自愿参加调查。",16,68,32,61,39,49,51,28,72,NA,NA,NA,NA,NA,NA,NA,NA,NA,NA,NA,NA,NA,NA,NA,92,8,79,21,"错误",70,30,72,28,NA,NA,NA,NA,NA,NA,NA,NA,NA,NA,NA,NA
"42","我已知晓研究目的，自愿参加调查。",37,NA,NA,NA,NA,NA,NA,NA,NA,100,0,0,100,0,0,100,0,0,20,55,25,100,0,0,NA,NA,NA,NA,"",NA,NA,NA,NA,100,0,0,100,0,0,100,0,0,100,0,0
"43","我已知晓研究目的，自愿参加调查。",16,28,72,71,29,100,0,100,0,NA,NA,NA,NA,NA,NA,NA,NA,NA,NA,NA,NA,NA,NA,NA,70,30,69,31,"错误",100,0,100,0,NA,NA,NA,NA,NA,NA,NA,NA,NA,NA,NA,NA
"44","我已知晓研究目的，自愿参加调查。",37,NA,NA,NA,NA,NA,NA,NA,NA,80,0,20,51,49,0,0,100,0,20,55,25,0,100,0,NA,NA,NA,NA,"",NA,NA,NA,NA,100,0,0,80,20,0,50,50,0,9,91,0
"45","我已知晓研究目的，自愿参加调查。",52,78,22,50,50,40,60,20,80,82,0,18,60,0,40,50,50,0,20,55,25,25,70,5,NA,NA,NA,NA,"",NA,NA,NA,NA,NA,NA,NA,NA,NA,NA,NA,NA,NA,NA,NA,NA
"46","我已知晓研究目的，自愿参加调查。",16,100,0,50,50,19,81,0,100,NA,NA,NA,NA,NA,NA,NA,NA,NA,NA,NA,NA,NA,NA,NA,100,0,65,35,"错误",50,50,20,80,NA,NA,NA,NA,NA,NA,NA,NA,NA,NA,NA,NA
"47","我已知晓研究目的，自愿参加调查。",37,NA,NA,NA,NA,NA,NA,NA,NA,20,40,40,20,50,30,10,50,40,20,55,25,5,55,40,NA,NA,NA,NA,"",NA,NA,NA,NA,20,42,38,10,45,45,10,50,40,0,55,45
"48","我已知晓研究目的，自愿参加调查。",52,100,0,75,25,25,75,5,95,100,0,0,75,0,25,0,25,75,20,55,25,0,75,25,NA,NA,NA,NA,"",NA,NA,NA,NA,NA,NA,NA,NA,NA,NA,NA,NA,NA,NA,NA,NA
"49","我已知晓研究目的，自愿参加调查。",16,20,80,70,30,90,10,100,0,NA,NA,NA,NA,NA,NA,NA,NA,NA,NA,NA,NA,NA,NA,NA,30,70,70,30,"错误",100,0,100,0,NA,NA,NA,NA,NA,NA,NA,NA,NA,NA,NA,NA
"50","我已知晓研究目的，自愿参加调查。",52,60,40,90,10,100,0,100,0,0,20,80,0,40,60,0,100,0,20,55,25,0,100,0,NA,NA,NA,NA,"",NA,NA,NA,NA,NA,NA,NA,NA,NA,NA,NA,NA,NA,NA,NA,NA
"51","我已知晓研究目的，自愿参加调查。",94,NA,NA,NA,NA,NA,NA,NA,NA,NA,NA,NA,NA,NA,NA,NA,NA,NA,NA,NA,NA,NA,NA,NA,30,70,76,24,"错误",100,0,100,0,18,30,52,70,0,30,98,0,2,100,0,0
"52","我已知晓研究目的，自愿参加调查。",16,100,0,100,0,100,0,100,0,NA,NA,NA,NA,NA,NA,NA,NA,NA,NA,NA,NA,NA,NA,NA,100,0,100,0,"错误",100,0,100,0,NA,NA,NA,NA,NA,NA,NA,NA,NA,NA,NA,NA
"53","我已知晓研究目的，自愿参加调查。",16,100,0,50,50,0,100,0,100,NA,NA,NA,NA,NA,NA,NA,NA,NA,NA,NA,NA,NA,NA,NA,100,0,0,100,"错误",1,99,2,98,NA,NA,NA,NA,NA,NA,NA,NA,NA,NA,NA,NA
"54","我已知晓研究目的，自愿参加调查。",16,100,0,90,10,90,10,90,10,NA,NA,NA,NA,NA,NA,NA,NA,NA,NA,NA,NA,NA,NA,NA,100,0,100,0,"错误",100,0,100,0,NA,NA,NA,NA,NA,NA,NA,NA,NA,NA,NA,NA
"55","我已知晓研究目的，自愿参加调查。",16,76,24,68,32,49,51,23,77,NA,NA,NA,NA,NA,NA,NA,NA,NA,NA,NA,NA,NA,NA,NA,77,23,61,39,"错误",67,33,54,46,NA,NA,NA,NA,NA,NA,NA,NA,NA,NA,NA,NA
"56","我已知晓研究目的，自愿参加调查。",94,NA,NA,NA,NA,NA,NA,NA,NA,NA,NA,NA,NA,NA,NA,NA,NA,NA,NA,NA,NA,NA,NA,NA,34,66,22,78,"错误",23,77,30,70,2,45,53,10,20,70,14,49,37,31,44,25
"57","我已知晓研究目的，自愿参加调查。",16,48,52,40,60,44,56,43,57,NA,NA,NA,NA,NA,NA,NA,NA,NA,NA,NA,NA,NA,NA,NA,78,22,77,23,"错误",82,18,78,22,NA,NA,NA,NA,NA,NA,NA,NA,NA,NA,NA,NA
"58","我已知晓研究目的，自愿参加调查。",94,NA,NA,NA,NA,NA,NA,NA,NA,NA,NA,NA,NA,NA,NA,NA,NA,NA,NA,NA,NA,NA,NA,NA,34,66,22,78,"错误",23,77,30,70,4,45,51,10,20,70,14,49,37,46,44,10
"59","我已知晓研究目的，自愿参加调查。",52,27,73,58,42,32,68,45,55,42,22,36,54,22,24,69,8,23,20,55,25,50,26,24,NA,NA,NA,NA,"",NA,NA,NA,NA,NA,NA,NA,NA,NA,NA,NA,NA,NA,NA,NA,NA
"60","我已知晓研究目的，自愿参加调查。",16,80,20,54,46,47,53,34,66,NA,NA,NA,NA,NA,NA,NA,NA,NA,NA,NA,NA,NA,NA,NA,54,46,46,54,"错误",42,58,40,60,NA,NA,NA,NA,NA,NA,NA,NA,NA,NA,NA,NA
"61","我已知晓研究目的，自愿参加调查。",16,86,14,58,42,60,40,58,42,NA,NA,NA,NA,NA,NA,NA,NA,NA,NA,NA,NA,NA,NA,NA,60,40,28,72,"错误",63,37,59,41,NA,NA,NA,NA,NA,NA,NA,NA,NA,NA,NA,NA
"62","我已知晓研究目的，自愿参加调查。",16,81,19,58,42,60,40,58,42,NA,NA,NA,NA,NA,NA,NA,NA,NA,NA,NA,NA,NA,NA,NA,60,40,28,72,"错误",63,37,59,41,NA,NA,NA,NA,NA,NA,NA,NA,NA,NA,NA,NA
"63","我已知晓研究目的，自愿参加调查。",16,86,14,58,42,60,40,58,42,NA,NA,NA,NA,NA,NA,NA,NA,NA,NA,NA,NA,NA,NA,NA,60,40,28,72,"错误",63,37,59,41,NA,NA,NA,NA,NA,NA,NA,NA,NA,NA,NA,NA
"64","我已知晓研究目的，自愿参加调查。",16,86,14,58,42,60,40,58,42,NA,NA,NA,NA,NA,NA,NA,NA,NA,NA,NA,NA,NA,NA,NA,60,40,28,72,"错误",63,37,59,41,NA,NA,NA,NA,NA,NA,NA,NA,NA,NA,NA,NA
"65","我已知晓研究目的，自愿参加调查。",16,86,14,58,42,60,40,58,42,NA,NA,NA,NA,NA,NA,NA,NA,NA,NA,NA,NA,NA,NA,NA,60,40,28,72,"错误",63,37,59,41,NA,NA,NA,NA,NA,NA,NA,NA,NA,NA,NA,NA
"66","我已知晓研究目的，自愿参加调查。",16,81,19,58,42,60,40,58,42,NA,NA,NA,NA,NA,NA,NA,NA,NA,NA,NA,NA,NA,NA,NA,60,40,28,72,"错误",63,37,59,41,NA,NA,NA,NA,NA,NA,NA,NA,NA,NA,NA,NA
"67","我已知晓研究目的，自愿参加调查。",16,86,14,58,42,60,40,58,42,NA,NA,NA,NA,NA,NA,NA,NA,NA,NA,NA,NA,NA,NA,NA,60,40,28,72,"错误",63,37,59,41,NA,NA,NA,NA,NA,NA,NA,NA,NA,NA,NA,NA
"68","我已知晓研究目的，自愿参加调查。",16,86,14,58,42,60,40,58,42,NA,NA,NA,NA,NA,NA,NA,NA,NA,NA,NA,NA,NA,NA,NA,60,40,28,72,"错误",63,37,59,41,NA,NA,NA,NA,NA,NA,NA,NA,NA,NA,NA,NA
"69","我已知晓研究目的，自愿参加调查。",16,86,14,58,42,60,40,58,42,NA,NA,NA,NA,NA,NA,NA,NA,NA,NA,NA,NA,NA,NA,NA,60,40,28,72,"错误",63,37,59,41,NA,NA,NA,NA,NA,NA,NA,NA,NA,NA,NA,NA
"70","我已知晓研究目的，自愿参加调查。",16,86,14,58,42,60,40,58,42,NA,NA,NA,NA,NA,NA,NA,NA,NA,NA,NA,NA,NA,NA,NA,60,40,28,72,"错误",63,37,59,41,NA,NA,NA,NA,NA,NA,NA,NA,NA,NA,NA,NA
"71","我已知晓研究目的，自愿参加调查。",16,86,14,58,42,60,40,58,42,NA,NA,NA,NA,NA,NA,NA,NA,NA,NA,NA,NA,NA,NA,NA,60,40,28,72,"错误",63,37,59,41,NA,NA,NA,NA,NA,NA,NA,NA,NA,NA,NA,NA
"72","我已知晓研究目的，自愿参加调查。",16,86,14,58,42,60,40,58,42,NA,NA,NA,NA,NA,NA,NA,NA,NA,NA,NA,NA,NA,NA,NA,60,40,28,72,"错误",63,37,59,41,NA,NA,NA,NA,NA,NA,NA,NA,NA,NA,NA,NA
"73","我已知晓研究目的，自愿参加调查。",94,NA,NA,NA,NA,NA,NA,NA,NA,NA,NA,NA,NA,NA,NA,NA,NA,NA,NA,NA,NA,NA,NA,NA,34,66,22,78,"错误",23,77,30,70,4,45,51,39,59,2,14,49,37,46,44,10
"74","我已知晓研究目的，自愿参加调查。",94,NA,NA,NA,NA,NA,NA,NA,NA,NA,NA,NA,NA,NA,NA,NA,NA,NA,NA,NA,NA,NA,NA,NA,34,66,22,78,"错误",23,77,30,70,3,45,52,10,20,70,14,49,37,31,44,25
"75","我已知晓研究目的，自愿参加调查。",94,NA,NA,NA,NA,NA,NA,NA,NA,NA,NA,NA,NA,NA,NA,NA,NA,NA,NA,NA,NA,NA,NA,NA,34,66,22,78,"错误",23,77,30,70,2,45,53,10,20,70,14,49,37,31,44,25
"76","我已知晓研究目的，自愿参加调查。",52,80,20,60,40,50,50,24,76,75,5,20,55,0,45,40,0,60,20,55,25,5,0,95,NA,NA,NA,NA,"",NA,NA,NA,NA,NA,NA,NA,NA,NA,NA,NA,NA,NA,NA,NA,NA
"77","我已知晓研究目的，自愿参加调查。",94,NA,NA,NA,NA,NA,NA,NA,NA,NA,NA,NA,NA,NA,NA,NA,NA,NA,NA,NA,NA,NA,NA,NA,34,66,22,78,"错误",23,77,30,70,2,45,53,10,20,70,14,49,37,31,44,25
"78","我已知晓研究目的，自愿参加调查。",52,52,48,57,43,42,58,55,45,50,25,25,31,32,37,53,28,19,20,55,25,19,28,53,NA,NA,NA,NA,"",NA,NA,NA,NA,NA,NA,NA,NA,NA,NA,NA,NA,NA,NA,NA,NA
"79","我已知晓研究目的，自愿参加调查。",16,54,46,0,100,41,59,0,100,NA,NA,NA,NA,NA,NA,NA,NA,NA,NA,NA,NA,NA,NA,NA,0,100,0,100,"错误",12,88,2,98,NA,NA,NA,NA,NA,NA,NA,NA,NA,NA,NA,NA
"80","我已知晓研究目的，自愿参加调查。",16,100,0,100,0,90,10,80,20,NA,NA,NA,NA,NA,NA,NA,NA,NA,NA,NA,NA,NA,NA,NA,100,0,85,15,"错误",90,10,80,20,NA,NA,NA,NA,NA,NA,NA,NA,NA,NA,NA,NA
"81","我已知晓研究目的，自愿参加调查。",94,NA,NA,NA,NA,NA,NA,NA,NA,NA,NA,NA,NA,NA,NA,NA,NA,NA,NA,NA,NA,NA,NA,NA,38,62,33,67,"错误",35,65,35,65,13,32,55,16,31,53,19,54,27,11,79,10
"82","我已知晓研究目的，自愿参加调查。",94,NA,NA,NA,NA,NA,NA,NA,NA,NA,NA,NA,NA,NA,NA,NA,NA,NA,NA,NA,NA,NA,NA,NA,29,71,22,78,"错误",23,77,30,70,2,45,53,10,19,71,14,49,37,32,44,24
"83","我已知晓研究目的，自愿参加调查。",94,NA,NA,NA,NA,NA,NA,NA,NA,NA,NA,NA,NA,NA,NA,NA,NA,NA,NA,NA,NA,NA,NA,NA,34,66,22,78,"错误",23,77,30,70,4,45,51,10,20,70,14,49,37,46,44,10
"84","我已知晓研究目的，自愿参加调查。",94,NA,NA,NA,NA,NA,NA,NA,NA,NA,NA,NA,NA,NA,NA,NA,NA,NA,NA,NA,NA,NA,NA,NA,34,66,22,78,"错误",24,76,30,70,3,45,52,10,19,71,14,49,37,32,44,24
"85","我已知晓研究目的，自愿参加调查。",94,NA,NA,NA,NA,NA,NA,NA,NA,NA,NA,NA,NA,NA,NA,NA,NA,NA,NA,NA,NA,NA,NA,NA,34,66,22,78,"错误",23,77,30,70,3,46,51,10,20,70,14,49,37,46,44,10
"86","我已知晓研究目的，自愿参加调查。",94,NA,NA,NA,NA,NA,NA,NA,NA,NA,NA,NA,NA,NA,NA,NA,NA,NA,NA,NA,NA,NA,NA,NA,34,66,22,78,"错误",23,77,30,70,2,45,53,10,20,70,14,49,37,32,44,24
"87","我已知晓研究目的，自愿参加调查。",94,NA,NA,NA,NA,NA,NA,NA,NA,NA,NA,NA,NA,NA,NA,NA,NA,NA,NA,NA,NA,NA,NA,NA,34,66,22,78,"错误",23,77,30,70,3,45,52,10,20,70,14,49,37,31,44,25
"88","我已知晓研究目的，自愿参加调查。",94,NA,NA,NA,NA,NA,NA,NA,NA,NA,NA,NA,NA,NA,NA,NA,NA,NA,NA,NA,NA,NA,NA,NA,34,66,22,78,"错误",23,77,30,70,4,45,51,10,20,70,14,49,37,31,44,25
"89","我已知晓研究目的，自愿参加调查。",94,NA,NA,NA,NA,NA,NA,NA,NA,NA,NA,NA,NA,NA,NA,NA,NA,NA,NA,NA,NA,NA,NA,NA,34,66,22,78,"错误",23,77,30,70,3,45,52,10,20,70,14,49,37,31,44,25
"90","我已知晓研究目的，自愿参加调查。",94,NA,NA,NA,NA,NA,NA,NA,NA,NA,NA,NA,NA,NA,NA,NA,NA,NA,NA,NA,NA,NA,NA,NA,34,66,22,78,"错误",23,77,30,70,4,45,51,10,20,70,14,49,37,46,44,10
"91","我已知晓研究目的，自愿参加调查。",94,NA,NA,NA,NA,NA,NA,NA,NA,NA,NA,NA,NA,NA,NA,NA,NA,NA,NA,NA,NA,NA,NA,NA,34,66,22,78,"错误",23,77,30,70,4,45,51,10,20,70,14,49,37,46,44,10
"92","我已知晓研究目的，自愿参加调查。",37,NA,NA,NA,NA,NA,NA,NA,NA,48,33,19,37,34,29,28,42,30,20,55,25,43,29,28,NA,NA,NA,NA,"",NA,NA,NA,NA,19,33,48,24,20,56,31,32,37,22,18,60
"93","我已知晓研究目的，自愿参加调查。",52,0,100,0,100,5,95,6,94,46,0,54,50,0,50,50,0,50,20,55,25,54,0,46,NA,NA,NA,NA,"",NA,NA,NA,NA,NA,NA,NA,NA,NA,NA,NA,NA,NA,NA,NA,NA
"94","我已知晓研究目的，自愿参加调查。",94,NA,NA,NA,NA,NA,NA,NA,NA,NA,NA,NA,NA,NA,NA,NA,NA,NA,NA,NA,NA,NA,NA,NA,34,66,22,78,"错误",23,77,30,70,47,0,53,10,20,70,14,49,37,31,44,25
"95","我已知晓研究目的，自愿参加调查。",52,0,100,0,100,0,100,0,100,0,20,80,0,10,90,0,5,95,20,55,25,0,3,97,NA,NA,NA,NA,"",NA,NA,NA,NA,NA,NA,NA,NA,NA,NA,NA,NA,NA,NA,NA,NA
"96","我已知晓研究目的，自愿参加调查。",94,NA,NA,NA,NA,NA,NA,NA,NA,NA,NA,NA,NA,NA,NA,NA,NA,NA,NA,NA,NA,NA,NA,NA,34,66,22,78,"错误",23,77,30,70,4,45,51,10,20,70,14,49,37,46,44,10
"97","我已知晓研究目的，自愿参加调查。",37,NA,NA,NA,NA,NA,NA,NA,NA,41,27,32,47,21,32,27,19,54,20,55,25,21,52,27,NA,NA,NA,NA,"",NA,NA,NA,NA,47,34,19,22,45,33,16,62,22,17,80,3
"98","我已知晓研究目的，自愿参加调查。",52,100,0,80,20,50,50,20,80,100,0,0,80,0,20,50,50,0,20,55,25,25,25,50,NA,NA,NA,NA,"",NA,NA,NA,NA,NA,NA,NA,NA,NA,NA,NA,NA,NA,NA,NA,NA
"99","我已知晓研究目的，自愿参加调查。",16,40,60,35,65,34,66,73,27,NA,NA,NA,NA,NA,NA,NA,NA,NA,NA,NA,NA,NA,NA,NA,33,67,78,22,"错误",68,32,88,12,NA,NA,NA,NA,NA,NA,NA,NA,NA,NA,NA,NA
"100","我已知晓研究目的，自愿参加调查。",16,50,50,69,31,79,21,89,11,NA,NA,NA,NA,NA,NA,NA,NA,NA,NA,NA,NA,NA,NA,NA,81,19,70,30,"错误",59,41,39,61,NA,NA,NA,NA,NA,NA,NA,NA,NA,NA,NA,NA
"101","我已知晓研究目的，自愿参加调查。",52,80,20,80,20,51,49,30,70,40,30,30,50,40,10,23,71,6,20,55,25,0,100,0,NA,NA,NA,NA,"",NA,NA,NA,NA,NA,NA,NA,NA,NA,NA,NA,NA,NA,NA,NA,NA
"102","我已知晓研究目的，自愿参加调查。",16,86,14,65,35,60,40,58,42,NA,NA,NA,NA,NA,NA,NA,NA,NA,NA,NA,NA,NA,NA,NA,60,40,28,72,"错误",63,37,62,38,NA,NA,NA,NA,NA,NA,NA,NA,NA,NA,NA,NA
"103","我已知晓研究目的，自愿参加调查。",16,47,53,53,47,67,33,53,47,NA,NA,NA,NA,NA,NA,NA,NA,NA,NA,NA,NA,NA,NA,NA,58,42,66,34,"错误",66,34,62,38,NA,NA,NA,NA,NA,NA,NA,NA,NA,NA,NA,NA
"104","我已知晓研究目的，自愿参加调查。",52,68,32,57,43,31,69,40,60,22,29,49,34,26,40,41,35,24,20,55,25,27,19,54,NA,NA,NA,NA,"",NA,NA,NA,NA,NA,NA,NA,NA,NA,NA,NA,NA,NA,NA,NA,NA
"105","我已知晓研究目的，自愿参加调查。",16,100,0,100,0,100,0,100,0,NA,NA,NA,NA,NA,NA,NA,NA,NA,NA,NA,NA,NA,NA,NA,100,0,100,0,"错误",100,0,100,0,NA,NA,NA,NA,NA,NA,NA,NA,NA,NA,NA,NA
"106","我已知晓研究目的，自愿参加调查。",37,NA,NA,NA,NA,NA,NA,NA,NA,16,60,24,8,25,67,0,57,43,20,55,25,0,95,5,NA,NA,NA,NA,"",NA,NA,NA,NA,60,27,13,30,44,26,8,26,66,18,60,22
"107","我已知晓研究目的，自愿参加调查。",52,73,27,62,38,57,43,42,58,30,60,10,20,70,10,15,75,10,20,55,25,15,75,10,NA,NA,NA,NA,"",NA,NA,NA,NA,NA,NA,NA,NA,NA,NA,NA,NA,NA,NA,NA,NA
"108","我已知晓研究目的，自愿参加调查。",37,NA,NA,NA,NA,NA,NA,NA,NA,21,33,46,20,43,37,14,59,27,20,55,25,12,78,10,NA,NA,NA,NA,"",NA,NA,NA,NA,48,17,35,21,44,35,12,77,11,4,89,7
"109","我已知晓研究目的，自愿参加调查。",52,100,0,72,28,48,52,16,84,59,24,17,54,20,26,55,35,10,20,55,25,20,50,30,NA,NA,NA,NA,"",NA,NA,NA,NA,NA,NA,NA,NA,NA,NA,NA,NA,NA,NA,NA,NA
"110","我已知晓研究目的，自愿参加调查。",16,99,1,38,62,21,79,7,93,NA,NA,NA,NA,NA,NA,NA,NA,NA,NA,NA,NA,NA,NA,NA,64,36,31,69,"错误",24,76,4,96,NA,NA,NA,NA,NA,NA,NA,NA,NA,NA,NA,NA
"111","我已知晓研究目的，自愿参加调查。",16,19,81,25,75,67,33,85,15,NA,NA,NA,NA,NA,NA,NA,NA,NA,NA,NA,NA,NA,NA,NA,68,32,67,33,"错误",59,41,69,31,NA,NA,NA,NA,NA,NA,NA,NA,NA,NA,NA,NA
"112","我已知晓研究目的，自愿参加调查。",52,50,50,70,30,78,22,100,0,98,0,2,70,0,30,45,5,50,20,55,25,0,20,80,NA,NA,NA,NA,"",NA,NA,NA,NA,NA,NA,NA,NA,NA,NA,NA,NA,NA,NA,NA,NA
"113","我已知晓研究目的，自愿参加调查。",16,81,19,72,28,63,37,53,47,NA,NA,NA,NA,NA,NA,NA,NA,NA,NA,NA,NA,NA,NA,NA,82,18,73,27,"错误",65,35,55,45,NA,NA,NA,NA,NA,NA,NA,NA,NA,NA,NA,NA
"114","我已知晓研究目的，自愿参加调查。",16,100,0,35,65,25,75,9,91,NA,NA,NA,NA,NA,NA,NA,NA,NA,NA,NA,NA,NA,NA,NA,91,9,89,11,"错误",82,18,70,30,NA,NA,NA,NA,NA,NA,NA,NA,NA,NA,NA,NA
"115","我已知晓研究目的，自愿参加调查。",94,NA,NA,NA,NA,NA,NA,NA,NA,NA,NA,NA,NA,NA,NA,NA,NA,NA,NA,NA,NA,NA,NA,NA,67,33,68,32,"错误",72,28,79,21,60,5,35,67,27,6,39,61,0,68,7,25
"116","我已知晓研究目的，自愿参加调查。",37,NA,NA,NA,NA,NA,NA,NA,NA,37,24,39,45,17,38,67,22,11,20,55,25,42,24,34,NA,NA,NA,NA,"",NA,NA,NA,NA,56,36,8,48,18,34,45,35,20,55,32,13
"117","我已知晓研究目的，自愿参加调查。",37,NA,NA,NA,NA,NA,NA,NA,NA,30,40,30,35,35,30,20,50,30,20,55,25,10,60,30,NA,NA,NA,NA,"",NA,NA,NA,NA,20,20,60,20,30,50,10,40,50,10,50,40
"118","我已知晓研究目的，自愿参加调查。",37,NA,NA,NA,NA,NA,NA,NA,NA,23,62,15,0,85,15,0,90,10,20,55,25,0,100,0,NA,NA,NA,NA,"",NA,NA,NA,NA,50,20,30,30,25,45,15,35,50,10,60,30
"119","我已知晓研究目的，自愿参加调查。",94,NA,NA,NA,NA,NA,NA,NA,NA,NA,NA,NA,NA,NA,NA,NA,NA,NA,NA,NA,NA,NA,NA,NA,69,31,45,55,"错误",76,24,52,48,27,36,37,44,39,17,51,28,21,51,31,18
"120","我已知晓研究目的，自愿参加调查。",37,NA,NA,NA,NA,NA,NA,NA,NA,7,25,68,23,37,40,22,27,51,20,55,25,24,22,54,NA,NA,NA,NA,"",NA,NA,NA,NA,19,35,46,28,20,52,36,24,40,21,36,43
"121","我已知晓研究目的，自愿参加调查。",37,NA,NA,NA,NA,NA,NA,NA,NA,50,30,20,47,34,19,43,36,21,20,55,25,34,30,36,NA,NA,NA,NA,"",NA,NA,NA,NA,36,22,42,35,26,39,34,34,32,52,33,15
"122","我已知晓研究目的，自愿参加调查。",52,52,48,44,56,70,30,34,66,39,26,35,40,39,21,39,48,13,20,55,25,21,40,39,NA,NA,NA,NA,"",NA,NA,NA,NA,NA,NA,NA,NA,NA,NA,NA,NA,NA,NA,NA,NA
"123","我已知晓研究目的，自愿参加调查。",94,NA,NA,NA,NA,NA,NA,NA,NA,NA,NA,NA,NA,NA,NA,NA,NA,NA,NA,NA,NA,NA,NA,NA,26,74,39,61,"错误",79,21,70,30,44,18,38,37,13,50,32,30,38,39,54,7
"124","我已知晓研究目的，自愿参加调查。",52,100,0,100,0,100,0,98,2,41,59,0,40,60,0,55,45,0,20,55,25,52,48,0,NA,NA,NA,NA,"",NA,NA,NA,NA,NA,NA,NA,NA,NA,NA,NA,NA,NA,NA,NA,NA
"125","我已知晓研究目的，自愿参加调查。",52,100,0,60,40,59,41,55,45,34,51,15,66,23,11,65,35,0,20,55,25,61,35,4,NA,NA,NA,NA,"",NA,NA,NA,NA,NA,NA,NA,NA,NA,NA,NA,NA,NA,NA,NA,NA
"126","我已知晓研究目的，自愿参加调查。",16,93,7,83,17,82,18,46,54,NA,NA,NA,NA,NA,NA,NA,NA,NA,NA,NA,NA,NA,NA,NA,77,23,69,31,"错误",71,29,50,50,NA,NA,NA,NA,NA,NA,NA,NA,NA,NA,NA,NA
"127","我已知晓研究目的，自愿参加调查。",52,24,76,14,86,23,77,58,42,12,63,25,17,33,50,27,27,46,20,55,25,33,33,34,NA,NA,NA,NA,"",NA,NA,NA,NA,NA,NA,NA,NA,NA,NA,NA,NA,NA,NA,NA,NA
"128","我已知晓研究目的，自愿参加调查。",52,44,56,46,54,45,55,39,61,25,44,31,47,38,15,44,23,33,20,55,25,38,31,31,NA,NA,NA,NA,"",NA,NA,NA,NA,NA,NA,NA,NA,NA,NA,NA,NA,NA,NA,NA,NA
"129","我已知晓研究目的，自愿参加调查。",94,NA,NA,NA,NA,NA,NA,NA,NA,NA,NA,NA,NA,NA,NA,NA,NA,NA,NA,NA,NA,NA,NA,NA,69,31,71,29,"错误",38,62,36,64,42,13,45,38,25,37,31,23,46,37,7,56
"130","我已知晓研究目的，自愿参加调查。",94,NA,NA,NA,NA,NA,NA,NA,NA,NA,NA,NA,NA,NA,NA,NA,NA,NA,NA,NA,NA,NA,NA,NA,67,33,52,48,"错误",73,27,23,77,22,42,36,14,69,17,25,26,49,35,28,37
"131","我已知晓研究目的，自愿参加调查。",37,NA,NA,NA,NA,NA,NA,NA,NA,50,48,2,33,40,27,66,26,8,20,55,25,28,34,38,NA,NA,NA,NA,"",NA,NA,NA,NA,45,50,5,27,50,23,35,54,11,34,36,30
"132","我已知晓研究目的，自愿参加调查。",52,75,25,79,21,100,0,100,0,66,20,14,74,20,6,79,12,9,20,55,25,70,21,9,NA,NA,NA,NA,"",NA,NA,NA,NA,NA,NA,NA,NA,NA,NA,NA,NA,NA,NA,NA,NA
"133","我已知晓研究目的，自愿参加调查。",94,NA,NA,NA,NA,NA,NA,NA,NA,NA,NA,NA,NA,NA,NA,NA,NA,NA,NA,NA,NA,NA,NA,NA,11,89,68,32,"错误",63,37,55,45,35,0,65,29,71,0,56,44,0,78,22,0
"134","我已知晓研究目的，自愿参加调查。",37,NA,NA,NA,NA,NA,NA,NA,NA,100,0,0,40,26,34,51,28,21,20,55,25,35,43,22,NA,NA,NA,NA,"",NA,NA,NA,NA,40,49,11,38,48,14,54,45,1,61,39,0
"135","我已知晓研究目的，自愿参加调查。",37,NA,NA,NA,NA,NA,NA,NA,NA,53,0,47,68,0,32,74,0,26,20,55,25,88,0,12,NA,NA,NA,NA,"",NA,NA,NA,NA,65,0,35,85,0,15,94,0,6,88,0,12
"136","我已知晓研究目的，自愿参加调查。",37,NA,NA,NA,NA,NA,NA,NA,NA,26,24,50,13,45,42,37,45,18,20,55,25,26,38,36,NA,NA,NA,NA,"",NA,NA,NA,NA,28,38,34,31,40,29,54,43,3,41,29,30
"137","我已知晓研究目的，自愿参加调查。",94,NA,NA,NA,NA,NA,NA,NA,NA,NA,NA,NA,NA,NA,NA,NA,NA,NA,NA,NA,NA,NA,NA,NA,55,45,54,46,"错误",55,45,26,74,28,24,48,21,22,57,40,22,38,31,14,55
"138","我已知晓研究目的，自愿参加调查。",16,22,78,19,81,17,83,23,77,NA,NA,NA,NA,NA,NA,NA,NA,NA,NA,NA,NA,NA,NA,NA,91,9,34,66,"错误",26,74,7,93,NA,NA,NA,NA,NA,NA,NA,NA,NA,NA,NA,NA
"139","我已知晓研究目的，自愿参加调查。",52,31,69,65,35,74,26,73,27,67,30,3,70,14,16,74,26,0,20,55,25,56,29,15,NA,NA,NA,NA,"",NA,NA,NA,NA,NA,NA,NA,NA,NA,NA,NA,NA,NA,NA,NA,NA
"140","我已知晓研究目的，自愿参加调查。",37,NA,NA,NA,NA,NA,NA,NA,NA,47,40,13,43,41,16,48,48,4,20,55,25,31,44,25,NA,NA,NA,NA,"",NA,NA,NA,NA,41,29,30,48,25,27,73,13,14,52,21,27
"141","我已知晓研究目的，自愿参加调查。",37,NA,NA,NA,NA,NA,NA,NA,NA,63,17,20,58,21,21,22,6,72,20,55,25,0,0,100,NA,NA,NA,NA,"",NA,NA,NA,NA,44,56,0,48,52,0,78,22,0,100,0,0
"142","我已知晓研究目的，自愿参加调查。",37,NA,NA,NA,NA,NA,NA,NA,NA,66,21,13,46,40,14,28,50,22,20,55,25,46,29,25,NA,NA,NA,NA,"",NA,NA,NA,NA,52,42,6,34,29,37,27,56,17,32,47,21
"143","我已知晓研究目的，自愿参加调查。",52,23,77,27,73,30,70,33,67,28,19,53,12,23,65,15,34,51,20,55,25,29,27,44,NA,NA,NA,NA,"",NA,NA,NA,NA,NA,NA,NA,NA,NA,NA,NA,NA,NA,NA,NA,NA
"144","我已知晓研究目的，自愿参加调查。",52,0,100,0,100,0,100,0,100,0,0,100,0,0,100,0,0,100,20,55,25,0,0,100,NA,NA,NA,NA,"",NA,NA,NA,NA,NA,NA,NA,NA,NA,NA,NA,NA,NA,NA,NA,NA
"145","我已知晓研究目的，自愿参加调查。",94,NA,NA,NA,NA,NA,NA,NA,NA,NA,NA,NA,NA,NA,NA,NA,NA,NA,NA,NA,NA,NA,NA,NA,100,0,94,6,"错误",90,10,78,22,100,0,0,88,7,5,87,9,4,70,25,5
"146","我已知晓研究目的，自愿参加调查。",16,69,31,18,82,1,99,2,98,NA,NA,NA,NA,NA,NA,NA,NA,NA,NA,NA,NA,NA,NA,NA,49,51,21,79,"错误",3,97,0,100,NA,NA,NA,NA,NA,NA,NA,NA,NA,NA,NA,NA
"147","我已知晓研究目的，自愿参加调查。",16,100,0,100,0,100,0,100,0,NA,NA,NA,NA,NA,NA,NA,NA,NA,NA,NA,NA,NA,NA,NA,100,0,100,0,"错误",100,0,100,0,NA,NA,NA,NA,NA,NA,NA,NA,NA,NA,NA,NA
"148","我已知晓研究目的，自愿参加调查。",37,NA,NA,NA,NA,NA,NA,NA,NA,41,0,59,34,0,66,0,85,15,20,55,25,17,60,23,NA,NA,NA,NA,"",NA,NA,NA,NA,47,0,53,35,15,50,10,65,25,6,73,21
"149","我已知晓研究目的，自愿参加调查。",94,NA,NA,NA,NA,NA,NA,NA,NA,NA,NA,NA,NA,NA,NA,NA,NA,NA,NA,NA,NA,NA,NA,NA,0,100,1,99,"错误",100,0,100,0,0,100,0,0,100,0,0,100,0,0,100,0
"150","我已知晓研究目的，自愿参加调查。",16,84,16,63,37,49,51,13,87,NA,NA,NA,NA,NA,NA,NA,NA,NA,NA,NA,NA,NA,NA,NA,81,19,100,0,"错误",71,29,39,61,NA,NA,NA,NA,NA,NA,NA,NA,NA,NA,NA,NA
"151","我已知晓研究目的，自愿参加调查。",37,NA,NA,NA,NA,NA,NA,NA,NA,34,33,33,30,37,33,33,20,47,20,55,25,36,34,30,NA,NA,NA,NA,"",NA,NA,NA,NA,35,29,36,24,32,44,28,35,37,20,31,49
"152","我已知晓研究目的，自愿参加调查。",16,80,20,84,16,81,19,73,27,NA,NA,NA,NA,NA,NA,NA,NA,NA,NA,NA,NA,NA,NA,NA,72,28,66,34,"错误",72,28,83,17,NA,NA,NA,NA,NA,NA,NA,NA,NA,NA,NA,NA
"153","我已知晓研究目的，自愿参加调查。",52,100,0,66,34,100,0,98,2,10,82,8,100,0,0,98,2,0,20,55,25,98,2,0,NA,NA,NA,NA,"",NA,NA,NA,NA,NA,NA,NA,NA,NA,NA,NA,NA,NA,NA,NA,NA
"154","我已知晓研究目的，自愿参加调查。",16,85,15,81,19,54,46,30,70,NA,NA,NA,NA,NA,NA,NA,NA,NA,NA,NA,NA,NA,NA,NA,74,26,50,50,"错误",50,50,20,80,NA,NA,NA,NA,NA,NA,NA,NA,NA,NA,NA,NA
"155","我已知晓研究目的，自愿参加调查。",16,77,23,67,33,71,29,47,53,NA,NA,NA,NA,NA,NA,NA,NA,NA,NA,NA,NA,NA,NA,NA,15,85,13,87,"错误",23,77,32,68,NA,NA,NA,NA,NA,NA,NA,NA,NA,NA,NA,NA
"156","我已知晓研究目的，自愿参加调查。",52,50,50,30,70,30,70,20,80,20,30,50,20,30,50,20,40,40,20,55,25,10,50,40,NA,NA,NA,NA,"",NA,NA,NA,NA,NA,NA,NA,NA,NA,NA,NA,NA,NA,NA,NA,NA
"157","我已知晓研究目的，自愿参加调查。",37,NA,NA,NA,NA,NA,NA,NA,NA,0,3,97,0,94,6,7,93,0,20,55,25,0,95,5,NA,NA,NA,NA,"",NA,NA,NA,NA,0,100,0,0,100,0,0,100,0,0,100,0
"158","我已知晓研究目的，自愿参加调查。",52,20,80,24,76,27,73,31,69,0,39,61,0,32,68,0,25,75,20,55,25,0,12,88,NA,NA,NA,NA,"",NA,NA,NA,NA,NA,NA,NA,NA,NA,NA,NA,NA,NA,NA,NA,NA
"159","我已知晓研究目的，自愿参加调查。",52,60,40,47,53,18,82,7,93,54,16,30,39,27,34,14,69,17,20,55,25,5,88,7,NA,NA,NA,NA,"",NA,NA,NA,NA,NA,NA,NA,NA,NA,NA,NA,NA,NA,NA,NA,NA
"160","我已知晓研究目的，自愿参加调查。",37,NA,NA,NA,NA,NA,NA,NA,NA,93,3,4,9,81,10,6,93,1,20,55,25,7,92,1,NA,NA,NA,NA,"",NA,NA,NA,NA,9,90,1,2,98,0,6,90,4,7,93,0
"161","我已知晓研究目的，自愿参加调查。",16,100,0,100,0,90,10,61,39,NA,NA,NA,NA,NA,NA,NA,NA,NA,NA,NA,NA,NA,NA,NA,97,3,100,0,"错误",100,0,100,0,NA,NA,NA,NA,NA,NA,NA,NA,NA,NA,NA,NA
"162","我已知晓研究目的，自愿参加调查。",37,NA,NA,NA,NA,NA,NA,NA,NA,29,38,33,17,73,10,15,26,59,20,55,25,57,22,21,NA,NA,NA,NA,"",NA,NA,NA,NA,42,53,5,65,35,0,32,68,0,44,26,30
"163","我已知晓研究目的，自愿参加调查。",52,43,57,44,56,45,55,48,52,43,27,30,44,29,27,44,32,24,20,55,25,52,44,4,NA,NA,NA,NA,"",NA,NA,NA,NA,NA,NA,NA,NA,NA,NA,NA,NA,NA,NA,NA,NA
"164","我已知晓研究目的，自愿参加调查。",52,64,36,45,55,17,83,0,100,53,0,47,33,0,67,0,100,0,20,55,25,0,100,0,NA,NA,NA,NA,"",NA,NA,NA,NA,NA,NA,NA,NA,NA,NA,NA,NA,NA,NA,NA,NA
"165","我已知晓研究目的，自愿参加调查。",16,80,20,57,43,38,62,20,80,NA,NA,NA,NA,NA,NA,NA,NA,NA,NA,NA,NA,NA,NA,NA,73,27,62,38,"错误",40,60,24,76,NA,NA,NA,NA,NA,NA,NA,NA,NA,NA,NA,NA
"166","我已知晓研究目的，自愿参加调查。",37,NA,NA,NA,NA,NA,NA,NA,NA,48,26,26,52,21,27,41,30,29,20,55,25,43,27,30,NA,NA,NA,NA,"",NA,NA,NA,NA,49,36,15,35,34,31,31,48,21,38,32,30
"167","我已知晓研究目的，自愿参加调查。",37,NA,NA,NA,NA,NA,NA,NA,NA,30,10,60,25,65,10,20,70,10,20,55,25,0,100,0,NA,NA,NA,NA,"",NA,NA,NA,NA,40,0,60,40,50,10,20,75,5,0,100,0
"168","我已知晓研究目的，自愿参加调查。",52,36,64,59,41,85,15,98,2,16,14,70,29,23,48,29,56,15,20,55,25,22,78,0,NA,NA,NA,NA,"",NA,NA,NA,NA,NA,NA,NA,NA,NA,NA,NA,NA,NA,NA,NA,NA
"169","我已知晓研究目的，自愿参加调查。",94,NA,NA,NA,NA,NA,NA,NA,NA,NA,NA,NA,NA,NA,NA,NA,NA,NA,NA,NA,NA,NA,NA,NA,75,25,42,58,"错误",31,69,37,63,35,55,10,12,54,34,16,57,27,19,52,29
"170","我已知晓研究目的，自愿参加调查。",37,NA,NA,NA,NA,NA,NA,NA,NA,30,0,70,10,10,80,30,50,20,20,55,25,10,80,10,NA,NA,NA,NA,"",NA,NA,NA,NA,0,50,50,0,60,40,10,63,27,0,65,35
"171","我已知晓研究目的，自愿参加调查。",16,9,91,30,70,100,0,100,0,NA,NA,NA,NA,NA,NA,NA,NA,NA,NA,NA,NA,NA,NA,NA,100,0,100,0,"错误",100,0,100,0,NA,NA,NA,NA,NA,NA,NA,NA,NA,NA,NA,NA
"172","我已知晓研究目的，自愿参加调查。",37,NA,NA,NA,NA,NA,NA,NA,NA,0,58,42,0,100,0,0,100,0,20,55,25,0,100,0,NA,NA,NA,NA,"",NA,NA,NA,NA,0,37,63,0,100,0,0,100,0,0,100,0
"173","我已知晓研究目的，自愿参加调查。",94,NA,NA,NA,NA,NA,NA,NA,NA,NA,NA,NA,NA,NA,NA,NA,NA,NA,NA,NA,NA,NA,NA,NA,51,49,72,28,"错误",72,28,91,9,45,34,21,22,46,32,31,38,31,16,84,0
"174","我已知晓研究目的，自愿参加调查。",16,94,6,58,42,23,77,7,93,NA,NA,NA,NA,NA,NA,NA,NA,NA,NA,NA,NA,NA,NA,NA,97,3,87,13,"错误",50,50,34,66,NA,NA,NA,NA,NA,NA,NA,NA,NA,NA,NA,NA
"175","我已知晓研究目的，自愿参加调查。",16,30,70,50,50,81,19,80,20,NA,NA,NA,NA,NA,NA,NA,NA,NA,NA,NA,NA,NA,NA,NA,57,43,64,36,"错误",71,29,81,19,NA,NA,NA,NA,NA,NA,NA,NA,NA,NA,NA,NA
"176","我已知晓研究目的，自愿参加调查。",37,NA,NA,NA,NA,NA,NA,NA,NA,0,100,0,0,70,30,20,30,50,20,55,25,10,30,60,NA,NA,NA,NA,"",NA,NA,NA,NA,0,100,0,30,70,0,50,50,0,60,40,0
"177","我已知晓研究目的，自愿参加调查。",52,98,2,80,20,50,50,30,70,90,2,8,50,10,40,20,40,40,20,55,25,15,65,20,NA,NA,NA,NA,"",NA,NA,NA,NA,NA,NA,NA,NA,NA,NA,NA,NA,NA,NA,NA,NA
"178","我已知晓研究目的，自愿参加调查。",16,100,0,100,0,72,28,0,100,NA,NA,NA,NA,NA,NA,NA,NA,NA,NA,NA,NA,NA,NA,NA,100,0,100,0,"错误",35,65,0,100,NA,NA,NA,NA,NA,NA,NA,NA,NA,NA,NA,NA
"179","我已知晓研究目的，自愿参加调查。",94,NA,NA,NA,NA,NA,NA,NA,NA,NA,NA,NA,NA,NA,NA,NA,NA,NA,NA,NA,NA,NA,NA,NA,0,100,30,70,"错误",10,90,0,100,100,0,0,20,50,30,0,50,50,0,50,50
"180","我已知晓研究目的，自愿参加调查。",37,NA,NA,NA,NA,NA,NA,NA,NA,0,0,100,0,0,100,0,0,100,20,55,25,0,0,100,NA,NA,NA,NA,"",NA,NA,NA,NA,0,0,100,0,0,100,0,0,100,0,0,100
"181","我已知晓研究目的，自愿参加调查。",37,NA,NA,NA,NA,NA,NA,NA,NA,60,10,30,52,24,24,21,0,79,20,55,25,14,17,69,NA,NA,NA,NA,"",NA,NA,NA,NA,79,0,21,48,0,52,36,0,64,100,0,0
"182","我已知晓研究目的，自愿参加调查。",16,80,20,50,50,60,40,75,25,NA,NA,NA,NA,NA,NA,NA,NA,NA,NA,NA,NA,NA,NA,NA,90,10,40,60,"错误",80,20,100,0,NA,NA,NA,NA,NA,NA,NA,NA,NA,NA,NA,NA
"183","我已知晓研究目的，自愿参加调查。",37,NA,NA,NA,NA,NA,NA,NA,NA,10,15,75,15,25,60,13,30,57,20,55,25,17,50,33,NA,NA,NA,NA,"",NA,NA,NA,NA,27,37,36,31,46,23,31,41,28,32,50,18
"184","我已知晓研究目的，自愿参加调查。",52,20,80,45,55,75,25,95,5,11,16,73,37,18,45,46,44,10,20,55,25,44,52,4,NA,NA,NA,NA,"",NA,NA,NA,NA,NA,NA,NA,NA,NA,NA,NA,NA,NA,NA,NA,NA
"185","我已知晓研究目的，自愿参加调查。",94,NA,NA,NA,NA,NA,NA,NA,NA,NA,NA,NA,NA,NA,NA,NA,NA,NA,NA,NA,NA,NA,NA,NA,35,65,70,30,"错误",12,88,10,90,65,15,20,45,15,40,15,30,55,10,40,50
"186","我已知晓研究目的，自愿参加调查。",94,NA,NA,NA,NA,NA,NA,NA,NA,NA,NA,NA,NA,NA,NA,NA,NA,NA,NA,NA,NA,NA,NA,NA,77,23,70,30,"错误",90,10,81,19,60,36,4,46,40,14,49,33,18,50,31,19
"187","我已知晓研究目的，自愿参加调查。",37,NA,NA,NA,NA,NA,NA,NA,NA,12,88,0,15,85,0,0,100,0,20,55,25,0,100,0,NA,NA,NA,NA,"",NA,NA,NA,NA,0,82,18,0,57,43,0,23,77,0,66,34
"188","我已知晓研究目的，自愿参加调查。",16,40,60,37,63,31,69,26,74,NA,NA,NA,NA,NA,NA,NA,NA,NA,NA,NA,NA,NA,NA,NA,56,44,50,50,"错误",44,56,35,65,NA,NA,NA,NA,NA,NA,NA,NA,NA,NA,NA,NA
"189","我已知晓研究目的，自愿参加调查。",37,NA,NA,NA,NA,NA,NA,NA,NA,32,47,21,27,32,41,31,34,35,20,55,25,13,27,60,NA,NA,NA,NA,"",NA,NA,NA,NA,34,48,18,27,60,13,35,30,35,24,46,30
"190","我已知晓研究目的，自愿参加调查。",37,NA,NA,NA,NA,NA,NA,NA,NA,10,10,80,10,30,60,21,75,4,20,55,25,30,50,20,NA,NA,NA,NA,"",NA,NA,NA,NA,10,80,10,15,75,10,10,80,10,40,50,10
"191","我已知晓研究目的，自愿参加调查。",37,NA,NA,NA,NA,NA,NA,NA,NA,0,89,11,0,58,42,15,27,58,20,55,25,34,0,66,NA,NA,NA,NA,"",NA,NA,NA,NA,0,74,26,0,77,23,31,31,38,34,0,66
"192","我已知晓研究目的，自愿参加调查。",16,58,42,36,64,29,71,23,77,NA,NA,NA,NA,NA,NA,NA,NA,NA,NA,NA,NA,NA,NA,NA,64,36,67,33,"错误",73,27,87,13,NA,NA,NA,NA,NA,NA,NA,NA,NA,NA,NA,NA
"193","我已知晓研究目的，自愿参加调查。",37,NA,NA,NA,NA,NA,NA,NA,NA,84,16,0,49,51,0,0,100,0,20,55,25,0,100,0,NA,NA,NA,NA,"",NA,NA,NA,NA,100,0,0,21,79,0,0,100,0,0,100,0
"194","我已知晓研究目的，自愿参加调查。",16,0,100,30,70,100,0,100,0,NA,NA,NA,NA,NA,NA,NA,NA,NA,NA,NA,NA,NA,NA,NA,0,100,100,0,"错误",100,0,100,0,NA,NA,NA,NA,NA,NA,NA,NA,NA,NA,NA,NA
"195","我已知晓研究目的，自愿参加调查。",94,NA,NA,NA,NA,NA,NA,NA,NA,NA,NA,NA,NA,NA,NA,NA,NA,NA,NA,NA,NA,NA,NA,NA,50,50,34,66,"错误",20,80,24,76,52,0,48,57,0,43,71,0,29,76,0,24
"196","我已知晓研究目的，自愿参加调查。",52,64,36,60,40,50,50,33,67,59,20,21,50,28,22,0,100,0,20,55,25,0,100,0,NA,NA,NA,NA,"",NA,NA,NA,NA,NA,NA,NA,NA,NA,NA,NA,NA,NA,NA,NA,NA
"197","我已知晓研究目的，自愿参加调查。",37,NA,NA,NA,NA,NA,NA,NA,NA,0,0,100,9,20,71,16,60,24,20,55,25,32,68,0,NA,NA,NA,NA,"",NA,NA,NA,NA,19,52,29,29,53,18,19,72,9,15,85,0
"198","我已知晓研究目的，自愿参加调查。",16,64,36,23,77,30,70,45,55,NA,NA,NA,NA,NA,NA,NA,NA,NA,NA,NA,NA,NA,NA,NA,45,55,50,50,"错误",51,49,43,57,NA,NA,NA,NA,NA,NA,NA,NA,NA,NA,NA,NA
"199","我已知晓研究目的，自愿参加调查。",37,NA,NA,NA,NA,NA,NA,NA,NA,30,50,20,25,45,30,20,20,60,20,55,25,15,15,70,NA,NA,NA,NA,"",NA,NA,NA,NA,25,65,10,20,50,30,25,35,40,30,5,65
"200","我已知晓研究目的，自愿参加调查。",37,NA,NA,NA,NA,NA,NA,NA,NA,50,50,0,0,40,60,0,20,80,20,55,25,0,0,100,NA,NA,NA,NA,"",NA,NA,NA,NA,100,0,0,100,0,0,40,60,0,0,100,0
"201","我已知晓研究目的，自愿参加调查。",37,NA,NA,NA,NA,NA,NA,NA,NA,100,0,0,90,0,10,70,11,19,20,55,25,29,71,0,NA,NA,NA,NA,"",NA,NA,NA,NA,100,0,0,100,0,0,100,0,0,61,23,16
"202","我已知晓研究目的，自愿参加调查。",52,75,25,76,24,50,50,30,70,33,47,20,27,50,23,34,47,19,20,55,25,22,45,33,NA,NA,NA,NA,"",NA,NA,NA,NA,NA,NA,NA,NA,NA,NA,NA,NA,NA,NA,NA,NA
"203","我已知晓研究目的，自愿参加调查。",37,NA,NA,NA,NA,NA,NA,NA,NA,100,0,0,83,0,17,100,0,0,20,55,25,100,0,0,NA,NA,NA,NA,"",NA,NA,NA,NA,70,0,30,100,0,0,100,0,0,100,0,0
"204","我已知晓研究目的，自愿参加调查。",16,15,85,40,60,70,30,93,7,NA,NA,NA,NA,NA,NA,NA,NA,NA,NA,NA,NA,NA,NA,NA,29,71,44,56,"错误",78,22,100,0,NA,NA,NA,NA,NA,NA,NA,NA,NA,NA,NA,NA
"205","我已知晓研究目的，自愿参加调查。",52,20,80,20,80,20,80,20,80,0,20,80,0,50,50,0,100,0,20,55,25,0,100,0,NA,NA,NA,NA,"",NA,NA,NA,NA,NA,NA,NA,NA,NA,NA,NA,NA,NA,NA,NA,NA
"206","我已知晓研究目的，自愿参加调查。",16,81,19,44,56,31,69,8,92,NA,NA,NA,NA,NA,NA,NA,NA,NA,NA,NA,NA,NA,NA,NA,82,18,60,40,"错误",63,37,82,18,NA,NA,NA,NA,NA,NA,NA,NA,NA,NA,NA,NA
"207","我已知晓研究目的，自愿参加调查。",52,6,94,37,63,99,1,97,3,5,47,48,36,45,19,55,45,0,20,55,25,0,100,0,NA,NA,NA,NA,"",NA,NA,NA,NA,NA,NA,NA,NA,NA,NA,NA,NA,NA,NA,NA,NA
"208","我已知晓研究目的，自愿参加调查。",16,30,70,80,20,100,0,100,0,NA,NA,NA,NA,NA,NA,NA,NA,NA,NA,NA,NA,NA,NA,NA,70,30,74,26,"错误",100,0,100,0,NA,NA,NA,NA,NA,NA,NA,NA,NA,NA,NA,NA
"209","我已知晓研究目的，自愿参加调查。",16,100,0,100,0,80,20,50,50,NA,NA,NA,NA,NA,NA,NA,NA,NA,NA,NA,NA,NA,NA,NA,100,0,100,0,"错误",100,0,71,29,NA,NA,NA,NA,NA,NA,NA,NA,NA,NA,NA,NA
"210","我已知晓研究目的，自愿参加调查。",94,NA,NA,NA,NA,NA,NA,NA,NA,NA,NA,NA,NA,NA,NA,NA,NA,NA,NA,NA,NA,NA,NA,NA,20,80,60,40,"错误",90,10,100,0,20,0,80,40,30,30,70,25,5,75,20,5
"211","我已知晓研究目的，自愿参加调查。",16,35,65,40,60,55,45,60,40,NA,NA,NA,NA,NA,NA,NA,NA,NA,NA,NA,NA,NA,NA,NA,65,35,70,30,"错误",75,25,85,15,NA,NA,NA,NA,NA,NA,NA,NA,NA,NA,NA,NA
"212","我已知晓研究目的，自愿参加调查。",52,84,16,70,30,54,46,29,71,90,1,9,79,0,21,71,19,10,20,55,25,42,53,5,NA,NA,NA,NA,"",NA,NA,NA,NA,NA,NA,NA,NA,NA,NA,NA,NA,NA,NA,NA,NA
"213","我已知晓研究目的，自愿参加调查。",94,NA,NA,NA,NA,NA,NA,NA,NA,NA,NA,NA,NA,NA,NA,NA,NA,NA,NA,NA,NA,NA,NA,NA,40,60,17,83,"错误",22,78,29,71,24,22,54,31,0,69,23,28,49,27,28,45
"214","我已知晓研究目的，自愿参加调查。",37,NA,NA,NA,NA,NA,NA,NA,NA,4,41,55,0,49,51,0,100,0,20,55,25,0,100,0,NA,NA,NA,NA,"",NA,NA,NA,NA,47,53,0,24,56,20,0,100,0,0,100,0
"215","我已知晓研究目的，自愿参加调查。",16,100,0,40,60,2,98,1,99,NA,NA,NA,NA,NA,NA,NA,NA,NA,NA,NA,NA,NA,NA,NA,100,0,100,0,"错误",0,100,0,100,NA,NA,NA,NA,NA,NA,NA,NA,NA,NA,NA,NA
"216","我已知晓研究目的，自愿参加调查。",16,73,27,56,44,61,39,51,49,NA,NA,NA,NA,NA,NA,NA,NA,NA,NA,NA,NA,NA,NA,NA,47,53,43,57,"错误",57,43,40,60,NA,NA,NA,NA,NA,NA,NA,NA,NA,NA,NA,NA
"217","我已知晓研究目的，自愿参加调查。",94,NA,NA,NA,NA,NA,NA,NA,NA,NA,NA,NA,NA,NA,NA,NA,NA,NA,NA,NA,NA,NA,NA,NA,100,0,100,0,"错误",53,47,53,47,100,0,0,72,28,0,55,45,0,44,38,18
"218","我已知晓研究目的，自愿参加调查。",52,90,10,64,36,39,61,11,89,84,5,11,68,13,19,31,44,25,20,55,25,60,10,30,NA,NA,NA,NA,"",NA,NA,NA,NA,NA,NA,NA,NA,NA,NA,NA,NA,NA,NA,NA,NA
"219","我已知晓研究目的，自愿参加调查。",16,80,20,50,50,50,50,40,60,NA,NA,NA,NA,NA,NA,NA,NA,NA,NA,NA,NA,NA,NA,NA,80,20,70,30,"错误",43,57,34,66,NA,NA,NA,NA,NA,NA,NA,NA,NA,NA,NA,NA
"220","我已知晓研究目的，自愿参加调查。",37,NA,NA,NA,NA,NA,NA,NA,NA,0,0,100,70,10,20,50,50,0,20,55,25,30,70,0,NA,NA,NA,NA,"",NA,NA,NA,NA,10,0,90,50,0,50,10,70,20,20,80,0
"221","我已知晓研究目的，自愿参加调查。",37,NA,NA,NA,NA,NA,NA,NA,NA,77,17,6,60,16,24,12,64,24,20,55,25,14,74,12,NA,NA,NA,NA,"",NA,NA,NA,NA,69,11,20,49,23,28,16,68,16,9,69,22
"222","我已知晓研究目的，自愿参加调查。",37,NA,NA,NA,NA,NA,NA,NA,NA,84,13,3,89,9,2,60,17,23,20,55,25,63,34,3,NA,NA,NA,NA,"",NA,NA,NA,NA,46,37,17,56,38,6,51,35,14,34,35,31
"223","我已知晓研究目的，自愿参加调查。",16,90,10,80,20,50,50,30,70,NA,NA,NA,NA,NA,NA,NA,NA,NA,NA,NA,NA,NA,NA,NA,100,0,100,0,"错误",91,9,86,14,NA,NA,NA,NA,NA,NA,NA,NA,NA,NA,NA,NA
"224","我已知晓研究目的，自愿参加调查。",16,29,71,0,100,0,100,0,100,NA,NA,NA,NA,NA,NA,NA,NA,NA,NA,NA,NA,NA,NA,NA,50,50,54,46,"错误",54,46,60,40,NA,NA,NA,NA,NA,NA,NA,NA,NA,NA,NA,NA
"225","我已知晓研究目的，自愿参加调查。",52,95,5,90,10,80,20,50,50,100,0,0,95,3,2,90,7,3,20,55,25,70,20,10,NA,NA,NA,NA,"",NA,NA,NA,NA,NA,NA,NA,NA,NA,NA,NA,NA,NA,NA,NA,NA
"226","我已知晓研究目的，自愿参加调查。",52,100,0,100,0,41,59,27,73,100,0,0,100,0,0,0,100,0,20,55,25,20,65,15,NA,NA,NA,NA,"",NA,NA,NA,NA,NA,NA,NA,NA,NA,NA,NA,NA,NA,NA,NA,NA
"227","我已知晓研究目的，自愿参加调查。",16,100,0,100,0,100,0,100,0,NA,NA,NA,NA,NA,NA,NA,NA,NA,NA,NA,NA,NA,NA,NA,100,0,100,0,"错误",99,1,99,1,NA,NA,NA,NA,NA,NA,NA,NA,NA,NA,NA,NA
"228","我已知晓研究目的，自愿参加调查。",52,100,0,76,24,40,60,30,70,90,10,0,70,30,0,30,50,20,20,55,25,10,70,20,NA,NA,NA,NA,"",NA,NA,NA,NA,NA,NA,NA,NA,NA,NA,NA,NA,NA,NA,NA,NA
"229","我已知晓研究目的，自愿参加调查。",52,76,24,46,54,17,83,0,100,100,0,0,56,44,0,18,53,29,20,55,25,0,84,16,NA,NA,NA,NA,"",NA,NA,NA,NA,NA,NA,NA,NA,NA,NA,NA,NA,NA,NA,NA,NA
"230","我已知晓研究目的，自愿参加调查。",52,74,26,31,69,12,88,6,94,40,37,23,45,55,0,11,82,7,20,55,25,11,89,0,NA,NA,NA,NA,"",NA,NA,NA,NA,NA,NA,NA,NA,NA,NA,NA,NA,NA,NA,NA,NA
"231","我已知晓研究目的，自愿参加调查。",52,100,0,60,40,29,71,15,85,98,2,0,49,46,5,28,56,16,20,55,25,6,62,32,NA,NA,NA,NA,"",NA,NA,NA,NA,NA,NA,NA,NA,NA,NA,NA,NA,NA,NA,NA,NA
"232","我已知晓研究目的，自愿参加调查。",37,NA,NA,NA,NA,NA,NA,NA,NA,45,21,34,52,16,32,73,0,27,20,55,25,84,0,16,NA,NA,NA,NA,"",NA,NA,NA,NA,51,49,0,51,32,17,81,0,19,100,0,0
"233","我已知晓研究目的，自愿参加调查。",94,NA,NA,NA,NA,NA,NA,NA,NA,NA,NA,NA,NA,NA,NA,NA,NA,NA,NA,NA,NA,NA,NA,NA,81,19,17,83,"错误",6,94,0,100,33,67,0,9,35,56,0,21,79,0,38,62
"234","我已知晓研究目的，自愿参加调查。",16,0,100,31,69,83,17,95,5,NA,NA,NA,NA,NA,NA,NA,NA,NA,NA,NA,NA,NA,NA,NA,0,100,73,27,"错误",83,17,100,0,NA,NA,NA,NA,NA,NA,NA,NA,NA,NA,NA,NA
"235","我已知晓研究目的，自愿参加调查。",94,NA,NA,NA,NA,NA,NA,NA,NA,NA,NA,NA,NA,NA,NA,NA,NA,NA,NA,NA,NA,NA,NA,NA,10,90,40,60,"错误",80,20,95,5,5,5,90,15,25,60,50,20,30,70,20,10
"236","我已知晓研究目的，自愿参加调查。",94,NA,NA,NA,NA,NA,NA,NA,NA,NA,NA,NA,NA,NA,NA,NA,NA,NA,NA,NA,NA,NA,NA,NA,100,0,100,0,"错误",100,0,100,0,100,0,0,100,0,0,100,0,0,100,0,0
"237","我已知晓研究目的，自愿参加调查。",37,NA,NA,NA,NA,NA,NA,NA,NA,20,30,50,60,0,40,100,0,0,20,55,25,97,3,0,NA,NA,NA,NA,"",NA,NA,NA,NA,30,70,0,60,40,0,100,0,0,100,0,0
"238","我已知晓研究目的，自愿参加调查。",52,72,28,50,50,72,28,94,6,50,0,50,49,0,51,15,0,85,20,55,25,0,0,100,NA,NA,NA,NA,"",NA,NA,NA,NA,NA,NA,NA,NA,NA,NA,NA,NA,NA,NA,NA,NA
"239","我已知晓研究目的，自愿参加调查。",37,NA,NA,NA,NA,NA,NA,NA,NA,0,80,20,0,0,100,100,0,0,20,55,25,100,0,0,NA,NA,NA,NA,"",NA,NA,NA,NA,51,49,0,40,0,60,50,0,50,100,0,0
"240","我已知晓研究目的，自愿参加调查。",16,92,8,25,75,12,88,5,95,NA,NA,NA,NA,NA,NA,NA,NA,NA,NA,NA,NA,NA,NA,NA,98,2,97,3,"错误",95,5,0,100,NA,NA,NA,NA,NA,NA,NA,NA,NA,NA,NA,NA
"241","我已知晓研究目的，自愿参加调查。",16,69,31,68,32,28,72,95,5,NA,NA,NA,NA,NA,NA,NA,NA,NA,NA,NA,NA,NA,NA,NA,80,20,83,17,"错误",44,56,32,68,NA,NA,NA,NA,NA,NA,NA,NA,NA,NA,NA,NA
"242","我已知晓研究目的，自愿参加调查。",16,63,37,22,78,6,94,0,100,NA,NA,NA,NA,NA,NA,NA,NA,NA,NA,NA,NA,NA,NA,NA,38,62,1,99,"错误",0,100,0,100,NA,NA,NA,NA,NA,NA,NA,NA,NA,NA,NA,NA
"243","我已知晓研究目的，自愿参加调查。",16,100,0,70,30,45,55,28,72,NA,NA,NA,NA,NA,NA,NA,NA,NA,NA,NA,NA,NA,NA,NA,100,0,100,0,"错误",47,53,33,67,NA,NA,NA,NA,NA,NA,NA,NA,NA,NA,NA,NA
"244","我已知晓研究目的，自愿参加调查。",94,NA,NA,NA,NA,NA,NA,NA,NA,NA,NA,NA,NA,NA,NA,NA,NA,NA,NA,NA,NA,NA,NA,NA,100,0,100,0,"错误",100,0,100,0,100,0,0,100,0,0,100,0,0,100,0,0
"245","我已知晓研究目的，自愿参加调查。",37,NA,NA,NA,NA,NA,NA,NA,NA,100,0,0,100,0,0,100,0,0,20,55,25,100,0,0,NA,NA,NA,NA,"",NA,NA,NA,NA,100,0,0,100,0,0,100,0,0,100,0,0
"246","我已知晓研究目的，自愿参加调查。",16,20,80,60,40,80,20,95,5,NA,NA,NA,NA,NA,NA,NA,NA,NA,NA,NA,NA,NA,NA,NA,65,35,75,25,"错误",85,15,95,5,NA,NA,NA,NA,NA,NA,NA,NA,NA,NA,NA,NA
"247","我已知晓研究目的，自愿参加调查。",37,NA,NA,NA,NA,NA,NA,NA,NA,29,71,0,35,65,0,31,69,0,20,55,25,30,70,0,NA,NA,NA,NA,"",NA,NA,NA,NA,31,69,0,24,76,0,34,66,0,29,71,0
"248","我已知晓研究目的，自愿参加调查。",16,10,90,40,60,80,20,95,5,NA,NA,NA,NA,NA,NA,NA,NA,NA,NA,NA,NA,NA,NA,NA,80,20,100,0,"错误",100,0,100,0,NA,NA,NA,NA,NA,NA,NA,NA,NA,NA,NA,NA
"249","我已知晓研究目的，自愿参加调查。",37,NA,NA,NA,NA,NA,NA,NA,NA,100,0,0,50,0,50,100,0,0,20,55,25,100,0,0,NA,NA,NA,NA,"",NA,NA,NA,NA,100,0,0,50,0,50,100,0,0,100,0,0
"250","我已知晓研究目的，自愿参加调查。",94,NA,NA,NA,NA,NA,NA,NA,NA,NA,NA,NA,NA,NA,NA,NA,NA,NA,NA,NA,NA,NA,NA,NA,78,22,34,66,"错误",32,68,21,79,50,9,41,25,54,21,9,76,15,4,80,16
"251","我已知晓研究目的，自愿参加调查。",16,10,90,20,80,100,0,100,0,NA,NA,NA,NA,NA,NA,NA,NA,NA,NA,NA,NA,NA,NA,NA,70,30,100,0,"错误",100,0,100,0,NA,NA,NA,NA,NA,NA,NA,NA,NA,NA,NA,NA
"252","我已知晓研究目的，自愿参加调查。",37,NA,NA,NA,NA,NA,NA,NA,NA,59,0,41,0,100,0,0,100,0,20,55,25,0,100,0,NA,NA,NA,NA,"",NA,NA,NA,NA,100,0,0,100,0,0,0,100,0,0,100,0
"253","我已知晓研究目的，自愿参加调查。",52,44,56,79,21,92,8,100,0,22,60,18,36,58,6,72,28,0,20,55,25,100,0,0,NA,NA,NA,NA,"",NA,NA,NA,NA,NA,NA,NA,NA,NA,NA,NA,NA,NA,NA,NA,NA
"254","我已知晓研究目的，自愿参加调查。",94,NA,NA,NA,NA,NA,NA,NA,NA,NA,NA,NA,NA,NA,NA,NA,NA,NA,NA,NA,NA,NA,NA,NA,30,70,84,16,"错误",92,8,100,0,25,75,0,0,100,0,0,100,0,0,100,0
"255","我已知晓研究目的，自愿参加调查。",16,0,100,0,100,0,100,0,100,NA,NA,NA,NA,NA,NA,NA,NA,NA,NA,NA,NA,NA,NA,NA,28,72,18,82,"错误",0,100,0,100,NA,NA,NA,NA,NA,NA,NA,NA,NA,NA,NA,NA
"256","我已知晓研究目的，自愿参加调查。",37,NA,NA,NA,NA,NA,NA,NA,NA,100,0,0,100,0,0,0,25,75,20,55,25,0,0,100,NA,NA,NA,NA,"",NA,NA,NA,NA,100,0,0,100,0,0,0,100,0,0,100,0
"257","我已知晓研究目的，自愿参加调查。",37,NA,NA,NA,NA,NA,NA,NA,NA,65,0,35,50,0,50,31,0,69,20,55,25,30,0,70,NA,NA,NA,NA,"",NA,NA,NA,NA,80,0,20,30,0,70,50,0,50,30,0,70
"258","我已知晓研究目的，自愿参加调查。",52,81,19,51,49,62,38,80,20,35,55,10,21,75,4,11,89,0,20,55,25,13,87,0,NA,NA,NA,NA,"",NA,NA,NA,NA,NA,NA,NA,NA,NA,NA,NA,NA,NA,NA,NA,NA
"259","我已知晓研究目的，自愿参加调查。",16,42,58,22,78,23,77,11,89,NA,NA,NA,NA,NA,NA,NA,NA,NA,NA,NA,NA,NA,NA,NA,61,39,48,52,"错误",33,67,20,80,NA,NA,NA,NA,NA,NA,NA,NA,NA,NA,NA,NA
"260","我已知晓研究目的，自愿参加调查。",52,0,100,0,100,100,0,100,0,0,100,0,0,100,0,0,0,100,20,55,25,0,100,0,NA,NA,NA,NA,"",NA,NA,NA,NA,NA,NA,NA,NA,NA,NA,NA,NA,NA,NA,NA,NA
"261","我已知晓研究目的，自愿参加调查。",37,NA,NA,NA,NA,NA,NA,NA,NA,80,0,20,70,10,20,60,30,10,20,55,25,100,0,0,NA,NA,NA,NA,"",NA,NA,NA,NA,80,20,0,72,28,0,60,40,0,100,0,0
"262","我已知晓研究目的，自愿参加调查。",37,NA,NA,NA,NA,NA,NA,NA,NA,0,20,80,10,60,30,20,80,0,20,55,25,40,60,0,NA,NA,NA,NA,"",NA,NA,NA,NA,0,50,50,10,70,20,10,80,10,10,90,0
"263","我已知晓研究目的，自愿参加调查。",94,NA,NA,NA,NA,NA,NA,NA,NA,NA,NA,NA,NA,NA,NA,NA,NA,NA,NA,NA,NA,NA,NA,NA,91,9,71,29,"错误",3,97,2,98,0,100,0,0,100,0,0,100,0,0,100,0
"264","我已知晓研究目的，自愿参加调查。",52,0,100,19,81,77,23,95,5,20,0,80,60,0,40,60,20,20,20,55,25,37,63,0,NA,NA,NA,NA,"",NA,NA,NA,NA,NA,NA,NA,NA,NA,NA,NA,NA,NA,NA,NA,NA
"265","我已知晓研究目的，自愿参加调查。",52,72,28,48,52,25,75,5,95,69,0,31,43,0,57,38,33,29,20,55,25,28,65,7,NA,NA,NA,NA,"",NA,NA,NA,NA,NA,NA,NA,NA,NA,NA,NA,NA,NA,NA,NA,NA
"266","我已知晓研究目的，自愿参加调查。",16,0,100,30,70,70,30,90,10,NA,NA,NA,NA,NA,NA,NA,NA,NA,NA,NA,NA,NA,NA,NA,20,80,50,50,"错误",90,10,99,1,NA,NA,NA,NA,NA,NA,NA,NA,NA,NA,NA,NA
"267","我已知晓研究目的，自愿参加调查。",16,100,0,70,30,50,50,26,74,NA,NA,NA,NA,NA,NA,NA,NA,NA,NA,NA,NA,NA,NA,NA,87,13,60,40,"错误",53,47,16,84,NA,NA,NA,NA,NA,NA,NA,NA,NA,NA,NA,NA
"268","我已知晓研究目的，自愿参加调查。",37,NA,NA,NA,NA,NA,NA,NA,NA,20,61,19,15,35,50,10,50,40,20,55,25,5,65,30,NA,NA,NA,NA,"",NA,NA,NA,NA,40,40,20,29,40,31,25,60,15,10,60,30
"269","我已知晓研究目的，自愿参加调查。",16,100,0,80,20,66,34,50,50,NA,NA,NA,NA,NA,NA,NA,NA,NA,NA,NA,NA,NA,NA,NA,100,0,80,20,"错误",70,30,62,38,NA,NA,NA,NA,NA,NA,NA,NA,NA,NA,NA,NA
"270","我已知晓研究目的，自愿参加调查。",16,32,68,33,67,21,79,0,100,NA,NA,NA,NA,NA,NA,NA,NA,NA,NA,NA,NA,NA,NA,NA,100,0,42,58,"错误",21,79,8,92,NA,NA,NA,NA,NA,NA,NA,NA,NA,NA,NA,NA
"271","我已知晓研究目的，自愿参加调查。",16,14,86,50,50,58,42,86,14,NA,NA,NA,NA,NA,NA,NA,NA,NA,NA,NA,NA,NA,NA,NA,69,31,70,30,"错误",30,70,28,72,NA,NA,NA,NA,NA,NA,NA,NA,NA,NA,NA,NA
"272","我已知晓研究目的，自愿参加调查。",16,0,100,0,100,60,40,100,0,NA,NA,NA,NA,NA,NA,NA,NA,NA,NA,NA,NA,NA,NA,NA,20,80,50,50,"错误",80,20,100,0,NA,NA,NA,NA,NA,NA,NA,NA,NA,NA,NA,NA
"273","我已知晓研究目的，自愿参加调查。",52,100,0,90,10,70,30,0,100,0,100,0,50,50,0,80,0,20,20,55,25,100,0,0,NA,NA,NA,NA,"",NA,NA,NA,NA,NA,NA,NA,NA,NA,NA,NA,NA,NA,NA,NA,NA
"274","我已知晓研究目的，自愿参加调查。",16,100,0,100,0,100,0,70,30,NA,NA,NA,NA,NA,NA,NA,NA,NA,NA,NA,NA,NA,NA,NA,100,0,100,0,"错误",100,0,100,0,NA,NA,NA,NA,NA,NA,NA,NA,NA,NA,NA,NA
"275","我已知晓研究目的，自愿参加调查。",94,NA,NA,NA,NA,NA,NA,NA,NA,NA,NA,NA,NA,NA,NA,NA,NA,NA,NA,NA,NA,NA,NA,NA,35,65,10,90,"错误",0,100,2,98,28,40,32,10,65,25,5,85,10,0,92,8
"276","我已知晓研究目的，自愿参加调查。",37,NA,NA,NA,NA,NA,NA,NA,NA,11,82,7,27,68,5,55,35,10,20,55,25,67,25,8,NA,NA,NA,NA,"",NA,NA,NA,NA,18,77,5,30,65,5,35,57,8,56,38,6
"277","我已知晓研究目的，自愿参加调查。",16,30,70,50,50,80,20,100,0,NA,NA,NA,NA,NA,NA,NA,NA,NA,NA,NA,NA,NA,NA,NA,80,20,90,10,"错误",100,0,100,0,NA,NA,NA,NA,NA,NA,NA,NA,NA,NA,NA,NA
"278","我已知晓研究目的，自愿参加调查。",16,100,0,60,40,30,70,0,100,NA,NA,NA,NA,NA,NA,NA,NA,NA,NA,NA,NA,NA,NA,NA,100,0,70,30,"错误",30,70,0,100,NA,NA,NA,NA,NA,NA,NA,NA,NA,NA,NA,NA
"279","我已知晓研究目的，自愿参加调查。",16,15,85,30,70,87,13,89,11,NA,NA,NA,NA,NA,NA,NA,NA,NA,NA,NA,NA,NA,NA,NA,20,80,39,61,"错误",61,39,93,7,NA,NA,NA,NA,NA,NA,NA,NA,NA,NA,NA,NA
"280","我已知晓研究目的，自愿参加调查。",37,NA,NA,NA,NA,NA,NA,NA,NA,0,70,30,30,10,60,71,0,29,20,55,25,100,0,0,NA,NA,NA,NA,"",NA,NA,NA,NA,10,20,70,20,20,60,70,10,20,100,0,0
"281","我已知晓研究目的，自愿参加调查。",16,100,0,70,30,40,60,40,60,NA,NA,NA,NA,NA,NA,NA,NA,NA,NA,NA,NA,NA,NA,NA,95,5,90,10,"错误",80,20,70,30,NA,NA,NA,NA,NA,NA,NA,NA,NA,NA,NA,NA
"282","我已知晓研究目的，自愿参加调查。",94,NA,NA,NA,NA,NA,NA,NA,NA,NA,NA,NA,NA,NA,NA,NA,NA,NA,NA,NA,NA,NA,NA,NA,32,68,71,29,"错误",15,85,0,100,27,62,11,0,100,0,0,100,0,0,100,0
"283","我已知晓研究目的，自愿参加调查。",16,15,85,30,70,70,30,72,28,NA,NA,NA,NA,NA,NA,NA,NA,NA,NA,NA,NA,NA,NA,NA,25,75,33,67,"错误",64,36,68,32,NA,NA,NA,NA,NA,NA,NA,NA,NA,NA,NA,NA
"284","我已知晓研究目的，自愿参加调查。",52,74,26,61,39,59,41,55,45,21,79,0,22,68,10,8,79,13,20,55,25,9,83,8,NA,NA,NA,NA,"",NA,NA,NA,NA,NA,NA,NA,NA,NA,NA,NA,NA,NA,NA,NA,NA
"285","我已知晓研究目的，自愿参加调查。",16,0,100,16,84,50,50,100,0,NA,NA,NA,NA,NA,NA,NA,NA,NA,NA,NA,NA,NA,NA,NA,0,100,20,80,"错误",70,30,100,0,NA,NA,NA,NA,NA,NA,NA,NA,NA,NA,NA,NA
"286","我已知晓研究目的，自愿参加调查。",94,NA,NA,NA,NA,NA,NA,NA,NA,NA,NA,NA,NA,NA,NA,NA,NA,NA,NA,NA,NA,NA,NA,NA,100,0,40,60,"错误",37,63,8,92,0,100,0,0,89,11,38,32,30,40,33,27
"287","我已知晓研究目的，自愿参加调查。",52,23,77,43,57,28,72,12,88,29,12,59,27,27,46,36,38,26,20,55,25,29,63,8,NA,NA,NA,NA,"",NA,NA,NA,NA,NA,NA,NA,NA,NA,NA,NA,NA,NA,NA,NA,NA
"288","我已知晓研究目的，自愿参加调查。",94,NA,NA,NA,NA,NA,NA,NA,NA,NA,NA,NA,NA,NA,NA,NA,NA,NA,NA,NA,NA,NA,NA,NA,0,100,49,51,"错误",100,0,100,0,100,0,0,100,0,0,100,0,0,100,0,0
"289","我已知晓研究目的，自愿参加调查。",52,100,0,100,0,100,0,100,0,0,100,0,0,100,0,0,100,0,20,55,25,0,100,0,NA,NA,NA,NA,"",NA,NA,NA,NA,NA,NA,NA,NA,NA,NA,NA,NA,NA,NA,NA,NA
"290","我已知晓研究目的，自愿参加调查。",16,100,0,100,0,78,22,47,53,NA,NA,NA,NA,NA,NA,NA,NA,NA,NA,NA,NA,NA,NA,NA,100,0,100,0,"错误",100,0,100,0,NA,NA,NA,NA,NA,NA,NA,NA,NA,NA,NA,NA
"291","我已知晓研究目的，自愿参加调查。",16,29,71,58,42,100,0,100,0,NA,NA,NA,NA,NA,NA,NA,NA,NA,NA,NA,NA,NA,NA,NA,60,40,78,22,"错误",100,0,100,0,NA,NA,NA,NA,NA,NA,NA,NA,NA,NA,NA,NA
"292","我已知晓研究目的，自愿参加调查。",52,80,20,66,34,50,50,30,70,61,9,30,59,7,34,25,31,44,20,55,25,12,36,52,NA,NA,NA,NA,"",NA,NA,NA,NA,NA,NA,NA,NA,NA,NA,NA,NA,NA,NA,NA,NA
"293","我已知晓研究目的，自愿参加调查。",37,NA,NA,NA,NA,NA,NA,NA,NA,28,0,72,31,13,56,12,73,15,20,55,25,0,100,0,NA,NA,NA,NA,"",NA,NA,NA,NA,0,0,100,33,11,56,23,57,20,0,100,0
"294","我已知晓研究目的，自愿参加调查。",16,45,55,60,40,91,9,95,5,NA,NA,NA,NA,NA,NA,NA,NA,NA,NA,NA,NA,NA,NA,NA,92,8,94,6,"错误",96,4,98,2,NA,NA,NA,NA,NA,NA,NA,NA,NA,NA,NA,NA
"295","我已知晓研究目的，自愿参加调查。",16,100,0,100,0,39,61,0,100,NA,NA,NA,NA,NA,NA,NA,NA,NA,NA,NA,NA,NA,NA,NA,100,0,100,0,"错误",30,70,0,100,NA,NA,NA,NA,NA,NA,NA,NA,NA,NA,NA,NA
"296","我已知晓研究目的，自愿参加调查。",16,10,90,30,70,60,40,90,10,NA,NA,NA,NA,NA,NA,NA,NA,NA,NA,NA,NA,NA,NA,NA,20,80,50,50,"错误",90,10,100,0,NA,NA,NA,NA,NA,NA,NA,NA,NA,NA,NA,NA
"297","我已知晓研究目的，自愿参加调查。",37,NA,NA,NA,NA,NA,NA,NA,NA,0,0,100,0,0,100,0,0,100,20,55,25,0,0,100,NA,NA,NA,NA,"",NA,NA,NA,NA,0,30,70,0,30,70,0,30,70,0,30,70
"298","我已知晓研究目的，自愿参加调查。",16,97,3,99,1,96,4,98,2,NA,NA,NA,NA,NA,NA,NA,NA,NA,NA,NA,NA,NA,NA,NA,97,3,0,100,"错误",98,2,98,2,NA,NA,NA,NA,NA,NA,NA,NA,NA,NA,NA,NA
"299","我已知晓研究目的，自愿参加调查。",16,20,80,21,79,100,0,81,19,NA,NA,NA,NA,NA,NA,NA,NA,NA,NA,NA,NA,NA,NA,NA,51,49,100,0,"错误",100,0,100,0,NA,NA,NA,NA,NA,NA,NA,NA,NA,NA,NA,NA
"300","我已知晓研究目的，自愿参加调查。",16,39,61,79,21,100,0,100,0,NA,NA,NA,NA,NA,NA,NA,NA,NA,NA,NA,NA,NA,NA,NA,50,50,81,19,"错误",100,0,100,0,NA,NA,NA,NA,NA,NA,NA,NA,NA,NA,NA,NA
"301","我已知晓研究目的，自愿参加调查。",16,19,81,41,59,60,40,87,13,NA,NA,NA,NA,NA,NA,NA,NA,NA,NA,NA,NA,NA,NA,NA,57,43,70,30,"错误",97,3,100,0,NA,NA,NA,NA,NA,NA,NA,NA,NA,NA,NA,NA
"302","我已知晓研究目的，自愿参加调查。",52,35,65,21,79,14,86,10,90,25,55,20,28,52,20,0,100,0,20,55,25,0,100,0,NA,NA,NA,NA,"",NA,NA,NA,NA,NA,NA,NA,NA,NA,NA,NA,NA,NA,NA,NA,NA
"303","我已知晓研究目的，自愿参加调查。",16,98,2,100,0,50,50,0,100,NA,NA,NA,NA,NA,NA,NA,NA,NA,NA,NA,NA,NA,NA,NA,99,1,100,0,"错误",100,0,100,0,NA,NA,NA,NA,NA,NA,NA,NA,NA,NA,NA,NA
"304","我已知晓研究目的，自愿参加调查。",16,100,0,100,0,100,0,100,0,NA,NA,NA,NA,NA,NA,NA,NA,NA,NA,NA,NA,NA,NA,NA,100,0,100,0,"错误",100,0,100,0,NA,NA,NA,NA,NA,NA,NA,NA,NA,NA,NA,NA
"305","我已知晓研究目的，自愿参加调查。",37,NA,NA,NA,NA,NA,NA,NA,NA,70,0,30,40,20,40,0,100,0,20,55,25,0,100,0,NA,NA,NA,NA,"",NA,NA,NA,NA,90,10,0,60,40,0,0,100,0,0,100,0
"306","我已知晓研究目的，自愿参加调查。",94,NA,NA,NA,NA,NA,NA,NA,NA,NA,NA,NA,NA,NA,NA,NA,NA,NA,NA,NA,NA,NA,NA,NA,0,100,0,100,"错误",0,100,0,100,0,0,100,0,0,100,0,0,100,0,37,63
"307","我已知晓研究目的，自愿参加调查。",37,NA,NA,NA,NA,NA,NA,NA,NA,100,0,0,100,0,0,100,0,0,20,55,25,100,0,0,NA,NA,NA,NA,"",NA,NA,NA,NA,100,0,0,100,0,0,100,0,0,100,0,0
"308","我已知晓研究目的，自愿参加调查。",37,NA,NA,NA,NA,NA,NA,NA,NA,70,10,20,70,10,20,35,15,50,20,55,25,0,50,50,NA,NA,NA,NA,"",NA,NA,NA,NA,90,5,5,90,10,0,90,10,0,90,10,0
"309","我已知晓研究目的，自愿参加调查。",52,30,70,60,40,100,0,100,0,0,0,100,0,100,0,0,100,0,20,55,25,100,0,0,NA,NA,NA,NA,"",NA,NA,NA,NA,NA,NA,NA,NA,NA,NA,NA,NA,NA,NA,NA,NA
"310","我已知晓研究目的，自愿参加调查。",16,33,67,27,73,11,89,10,90,NA,NA,NA,NA,NA,NA,NA,NA,NA,NA,NA,NA,NA,NA,NA,42,58,45,55,"错误",27,73,22,78,NA,NA,NA,NA,NA,NA,NA,NA,NA,NA,NA,NA
"311","我已知晓研究目的，自愿参加调查。",16,15,85,30,70,60,40,100,0,NA,NA,NA,NA,NA,NA,NA,NA,NA,NA,NA,NA,NA,NA,NA,40,60,67,33,"错误",79,21,100,0,NA,NA,NA,NA,NA,NA,NA,NA,NA,NA,NA,NA
"312","我已知晓研究目的，自愿参加调查。",16,50,50,55,45,70,30,80,20,NA,NA,NA,NA,NA,NA,NA,NA,NA,NA,NA,NA,NA,NA,NA,100,0,100,0,"错误",100,0,100,0,NA,NA,NA,NA,NA,NA,NA,NA,NA,NA,NA,NA
"313","我已知晓研究目的，自愿参加调查。",16,6,94,33,67,81,19,96,4,NA,NA,NA,NA,NA,NA,NA,NA,NA,NA,NA,NA,NA,NA,NA,0,100,8,92,"错误",54,46,96,4,NA,NA,NA,NA,NA,NA,NA,NA,NA,NA,NA,NA
"314","我已知晓研究目的，自愿参加调查。",16,73,27,30,70,15,85,0,100,NA,NA,NA,NA,NA,NA,NA,NA,NA,NA,NA,NA,NA,NA,NA,88,12,94,6,"错误",100,0,100,0,NA,NA,NA,NA,NA,NA,NA,NA,NA,NA,NA,NA
"315","我已知晓研究目的，自愿参加调查。",37,NA,NA,NA,NA,NA,NA,NA,NA,0,0,100,0,0,100,10,0,90,20,55,25,40,0,60,NA,NA,NA,NA,"",NA,NA,NA,NA,20,80,0,40,60,0,90,10,0,100,0,0
"316","我已知晓研究目的，自愿参加调查。",16,30,70,54,46,32,68,95,5,NA,NA,NA,NA,NA,NA,NA,NA,NA,NA,NA,NA,NA,NA,NA,37,63,60,40,"错误",100,0,94,6,NA,NA,NA,NA,NA,NA,NA,NA,NA,NA,NA,NA
"317","我已知晓研究目的，自愿参加调查。",52,60,40,40,60,20,80,5,95,60,0,40,30,0,70,10,0,90,20,55,25,5,0,95,NA,NA,NA,NA,"",NA,NA,NA,NA,NA,NA,NA,NA,NA,NA,NA,NA,NA,NA,NA,NA
"318","我已知晓研究目的，自愿参加调查。",37,NA,NA,NA,NA,NA,NA,NA,NA,29,18,53,57,21,22,82,12,6,20,55,25,100,0,0,NA,NA,NA,NA,"",NA,NA,NA,NA,39,18,43,39,23,38,63,20,17,100,0,0
"319","我已知晓研究目的，自愿参加调查。",94,NA,NA,NA,NA,NA,NA,NA,NA,NA,NA,NA,NA,NA,NA,NA,NA,NA,NA,NA,NA,NA,NA,NA,60,40,30,70,"错误",15,85,5,95,60,25,15,40,50,10,10,60,30,5,60,35
"320","我已知晓研究目的，自愿参加调查。",37,NA,NA,NA,NA,NA,NA,NA,NA,100,0,0,100,0,0,50,0,50,20,55,25,25,0,75,NA,NA,NA,NA,"",NA,NA,NA,NA,100,0,0,100,0,0,100,0,0,100,0,0
"321","我已知晓研究目的，自愿参加调查。",52,7,93,29,71,100,0,100,0,0,34,66,51,3,46,66,34,0,20,55,25,100,0,0,NA,NA,NA,NA,"",NA,NA,NA,NA,NA,NA,NA,NA,NA,NA,NA,NA,NA,NA,NA,NA
